Date,KSMMT,KQMMT
2015-01-02,0.023401515949731527,-0.0017716127256294928
2015-01-05,0.010521299226006147,-0.020699882196606782
2015-01-06,0.025737790330414578,-0.009214564398793807
2015-01-07,0.0010348166596576888,0.029170548264885836
2015-01-08,0.010990780063415717,-0.0150878176933332
2015-01-09,0.009180626216956905,0.022142367798370016
2015-01-12,0.034265633196888474,0.017544151925066483
2015-01-13,-0.008638191903803511,0.012724188312165452
2015-01-14,0.025780414020048957,0.011614710025123876
2015-01-15,-0.004507381856228382,0.0037298687811443245
2015-01-16,0.03995204476440854,0.06009118066491274
2015-01-19,-0.01027224041214433,0.00876603796558851
2015-01-20,0.0052928661680248954,0.010997885480816937
2015-01-21,0.030332578071437112,0.010428772029581028
2015-01-22,0.005575876331476104,0.0011806167315854751
2015-01-23,0.005835335639109362,0.017396162063897047
2015-01-26,0.01915654069581246,-0.002555655329644346
2015-01-27,0.007357440670936756,0.005525859146418712
2015-01-28,-0.014236665817613002,0.007271898680919708
2015-01-29,-0.016520818257412598,-0.011634648157002275
2015-01-30,0.01746613846652074,0.0033491658568763653
2015-02-02,-0.021396841005232467,-0.009548259567341484
2015-02-03,-0.0013824623653820528,0.006394278099305354
2015-02-04,0.0013716164168942838,-0.02709149360752096
2015-02-05,0.012327876432586888,0.0015783591529004463
2015-02-06,0.006275403876105172,-0.016300673646509115
2015-02-09,-0.011428432904629643,-0.02823977508373852
2015-02-10,0.023008795497646124,0.036121559285089845
2015-02-11,0.0065543117317347025,-0.0148424363602766
2015-02-12,0.0013905910244350172,0.047484667215504754
2015-02-13,0.0004393559846213813,0.021655301627468232
2015-02-16,-0.02386166767980805,-0.019114368137516113
2015-02-17,-0.002091517480144434,-0.0011839231929231756
2015-02-23,-0.0035530912535867484,0.007997111750394456
2015-02-24,0.007805531655348202,-0.01888270321345682
2015-02-25,-0.007273670206579933,-0.031913578426203036
2015-02-26,-0.03254908650115412,-0.0011529073107553797
2015-02-27,0.009484100831853682,0.01932803309770081
2015-03-02,-0.017482912073607824,-0.025051762152075552
2015-03-03,-0.011252213237649444,-0.03088958036092723
2015-03-04,-0.009521366673853143,0.0009685078983156193
2015-03-05,-0.0005118125746575494,0.008231309407505312
2015-03-06,-0.008942551681469641,-0.013037726325232993
2015-03-09,-0.006109024726452394,-0.010260324378008405
2015-03-10,0.02315972408445803,0.020326255020098074
2015-03-11,0.0021706610868855343,-0.01310268332519698
2015-03-12,0.012493436541476244,0.007698117893425317
2015-03-13,0.010452721736755436,0.02893189884944613
2015-03-16,0.036851462242608976,0.01692481455289476
2015-03-17,-0.00918231315765683,-0.0027628615153712423
2015-03-18,0.007874758284959793,-0.02818800175321845
2015-03-19,-0.0070120252978885965,0.003303351043696193
2015-03-20,0.00991069046030575,0.029172673217082057
2015-03-23,0.0011605589873748656,-0.021142212593064796
2015-03-24,0.00871234252117596,0.03180399578957622
2015-03-25,0.015095015591919442,0.025477014079116993
2015-03-26,-0.0009287915689145166,0.0067271721554265605
2015-03-27,0.017306963321655024,-0.0066477577321980025
2015-03-30,0.031598192922016315,0.003957612868942913
2015-03-31,0.014633452198110063,0.0007326543419030919
2015-04-01,0.03937309525881687,0.01097346038052172
2015-04-02,-0.012048640820174246,0.06163591519854872
2015-04-03,-0.02268407681437688,-0.030473534279921194
2015-04-06,0.005819005643735114,0.03852218115916929
2015-04-07,-0.016839627065758804,0.05164604376759513
2015-04-08,-0.04315055359882921,0.028848650818023232
2015-04-09,-0.00801503275735363,0.0656875728461595
2015-04-10,0.0008262673458343528,0.046785409281402374
2015-04-13,-0.028897534564624242,-0.027918509592387328
2015-04-14,-0.021125965764060586,0.01404062482623835
2015-04-15,0.028255035064800333,0.0028435821879395987
2015-04-16,0.013191219967041597,0.029686347775632477
2015-04-17,0.01831629433700146,-0.0010540951719815155
2015-04-20,0.006925793217063716,0.010607041937174912
2015-04-21,-0.002725594283099286,0.05415670339416141
2015-04-22,0.005315208671662559,0.046876090133773765
2015-04-23,-0.001161784249963084,-0.033717797816444656
2015-04-24,0.005085661227894383,0.012964467970635251
2015-04-27,0.01893508261613276,0.011008358116569483
2015-04-28,0.010043057435104977,0.004301961966401476
2015-04-29,0.005337817691784576,0.01652738353604311
2015-04-30,-0.004510781635184017,0.03141038499849093
2015-05-04,-0.020681057082727577,0.008861272185184507
2015-05-06,0.004640973628142424,-0.007907531887963774
2015-05-07,-0.012227309820126231,0.015030220464895473
2015-05-08,0.010105085474503412,0.0523078897351355
2015-05-11,0.025169269872518513,0.048407357756569305
2015-05-12,0.018099345721695144,0.03268865268934884
2015-05-13,-0.0023618043747865654,-0.0015592223591468415
2015-05-14,0.017828282111776672,0.007581582316973274
2015-05-15,0.03489258002054335,-0.0013877410045156219
2015-05-18,0.01660442906452729,0.013451613583680981
2015-05-19,-0.029369487278769056,-0.0023907099151060465
2015-05-20,0.01168902094488707,0.039700538491597895
2015-05-21,0.02093609739164129,-0.009942452834549732
2015-05-22,-0.035823931794941054,-0.015490398512618818
2015-05-26,0.017561535368848965,-0.005119271054145584
2015-05-27,0.007063145048211348,-0.007146041812316414
2015-05-28,0.033078467383444075,-0.010952196990606365
2015-05-29,0.003736219705531654,0.0021477297301941735
2015-06-01,-0.011724069890177505,0.014176651088393007
2015-06-02,-0.02731621181869238,0.008588603010483448
2015-06-03,-0.02185488602771228,0.000880702299061658
2015-06-04,0.010754475504063046,-0.00019545663608188518
2015-06-05,0.0015687326431762787,-0.0023084643493053005
2015-06-08,-0.0029559863628291043,0.004781624525643625
2015-06-09,0.01043953042647248,0.0029881320692807314
2015-06-10,-0.01657422491539941,-0.022323817873118705
2015-06-11,-0.004093038081784423,-0.01940667229983372
2015-06-12,0.008494440768730013,0.020302338437403034
2015-06-15,0.013145815427078322,-0.00015447497951646266
2015-06-16,0.00672243721058767,0.01576836707900017
2015-06-17,-0.0054607111420843756,0.025020379888006265
2015-06-18,0.007199906414686136,0.0024233384477164812
2015-06-19,0.00026405862839245196,0.0035259938102108687
2015-06-22,-0.0037104571846661278,0.02191808506538845
2015-06-23,-0.007469042642626321,-0.016481475112061078
2015-06-24,-0.010260498609201798,-0.004511308934851948
2015-06-25,-0.014849258187981239,0.03770365922979349
2015-06-26,0.006076007136939859,-0.02925243482472451
2015-06-29,0.002379283373697697,-0.03151398304357495
2015-06-30,0.0037362007532056023,-0.01834584086854918
2015-07-01,-0.014276079436678777,0.04806228146389667
2015-07-02,-0.007827140294217338,0.021663116284717298
2015-07-03,0.005926047926880725,-0.02421740687102935
2015-07-06,0.00368296485026268,0.03491167705953376
2015-07-07,-0.008791706661647575,0.007556424401325746
2015-07-08,-0.007770804858156252,-0.015776007013599096
2015-07-09,-0.02910075344006003,0.03433086115068892
2015-07-10,0.014054485422780804,0.011274427744667333
2015-07-13,0.033365605628196224,0.025780286235909573
2015-07-14,0.03179500776535243,0.014638433868730611
2015-07-15,0.016312387122946914,0.004159489363019147
2015-07-16,0.012466777553310132,-0.0013891739854582034
2015-07-17,0.03653153194102405,-0.011341793192631042
2015-07-20,-0.0017762398199119966,-0.0023734487020253686
2015-07-21,-0.01331413687139343,0.00044851555706276573
2015-07-22,0.002429197555957295,-0.028521344606788387
2015-07-23,0.031365171055891164,-0.007010412311244238
2015-07-24,0.010062515252687285,-0.004227147740076434
2015-07-27,-0.0008901390701927872,-0.014123456014864614
2015-07-28,0.00012491147430642932,0.0036636015230840265
2015-07-29,-0.010016628024374391,-0.006386950377891743
2015-07-30,-0.020075664339242835,-0.012240325496021475
2015-07-31,-0.002801558142786065,0.013702993836736009
2015-08-03,0.013142244651679054,0.0023898790164693304
2015-08-04,0.012528867961888849,-0.01221571429239373
2015-08-05,0.0028020086305869177,0.019627690728008
2015-08-06,0.011523028095077785,0.014461114617004726
2015-08-07,-0.00843070116657639,0.008505028714596146
2015-08-10,0.03426662898029324,-0.02887308734874488
2015-08-11,-0.021570723723284592,-0.015481038442635316
2015-08-12,-0.006324133590720357,-0.023772854649085705
2015-08-13,0.010649233916392357,-0.009177008918808217
2015-08-17,0.014667094701360161,-0.015698705926381014
2015-08-18,-0.013788795621930122,0.0035756797618078304
2015-08-19,-0.038901492211704844,-0.026328764292863897
2015-08-20,-0.03922382952694907,-0.024824078839392097
2015-08-21,-0.018232150723015976,-0.030178678981010967
2015-08-24,-0.0038920382419453513,-0.022111952979337192
2015-08-25,0.02390435336613219,0.05377157592350227
2015-08-26,0.004669530930165793,-0.004684328385287668
2015-08-27,0.005484522509337093,0.0005510148507703334
2015-08-28,0.011579541784734474,0.007394184123297121
2015-08-31,0.02017019013123616,-5.933059919010532e-05
2015-09-01,-0.020438702042961186,-0.02428525543836795
2015-09-02,-0.016517894612130254,-0.0030923229319748217
2015-09-03,0.00036975454055745245,-0.03523400536610332
2015-09-04,-0.05787353519224304,-0.02338144003994993
2015-09-07,-0.0037032267772803863,-0.023593383091623538
2015-09-08,-0.026917901350435085,-0.004948660800726706
2015-09-09,-0.01624170071690595,0.03245522529494975
2015-09-10,-0.04304845806630853,-0.003377729730993531
2015-09-11,-0.031056611286206473,-0.023481504759954534
2015-09-14,0.024457247050978265,-0.03684382045311876
2015-09-15,-0.002879679590481109,-0.061478717463765785
2015-09-16,0.0026567218739023905,0.013429737513814679
2015-09-17,0.021698348812158902,0.0005714043701235197
2015-09-18,0.027680313388838786,0.02884842371766293
2015-09-21,-0.0008413846305907208,-0.034870990733828634
2015-09-22,0.004442999956198545,0.0045521673731044356
2015-09-23,-0.01019698863749171,-0.04236257671343121
2015-09-24,0.029230490191222095,0.023568740770770792
2015-09-25,-0.01605939399816274,-0.0007634615119344965
2015-09-30,-0.013650662828908602,-0.0013913478165852623
2015-10-01,0.009004455225652066,0.014529691337273238
2015-10-02,-0.0036874035326092034,-0.006677713549927438
2015-10-05,-0.016302866705237864,0.018869414055995022
2015-10-06,0.0010527622435908,0.007488472505854409
2015-10-07,-0.01753090945291041,-0.02214701692817662
2015-10-08,-0.022189402670200954,-0.038785893786211306
2015-10-12,-0.03477949161390766,-0.005242747653265224
2015-10-13,-0.002394266379988493,0.01842062069497941
2015-10-14,-0.015976978756476603,-0.01805402634615493
2015-10-15,0.0016647273042456265,0.016698224431912035
2015-10-16,0.003137537077865448,-0.014523064852808848
2015-10-19,-0.02393158562350888,0.007696442017188307
2015-10-20,-0.00252985749178713,0.02118079762047287
2015-10-21,-0.012054698073324438,-0.014055050443877701
2015-10-22,-0.003542745299429457,-0.011887163637929042
2015-10-23,0.0026349747528849376,0.02399059457282396
2015-10-26,0.003338199783438875,0.00936401827393738
2015-10-27,-0.00964157871438081,0.003320276162330684
2015-10-28,0.015801976771947022,0.02447486717856575
2015-10-29,-0.000471403654835347,-0.02673514618229747
2015-10-30,-0.016927212634426952,-0.011934164549642502
2015-11-02,-0.0056414691328830115,-0.009757411598279617
2015-11-03,-0.023652111526480984,-0.007288327573861518
2015-11-04,-0.0009296046788949011,-0.030002310889963447
2015-11-05,0.012988893334678227,0.006687372535532236
2015-11-06,0.01311692978129813,0.014893469441604187
2015-11-09,0.010872925002036293,-0.006434231055006914
2015-11-10,-0.011066090853669587,0.004550073556141645
2015-11-11,-0.003781999250801459,-0.018460800603664427
2015-11-12,0.01762768016962058,-0.006038351154351487
2015-11-13,0.013483876585868245,0.012631483384038049
2015-11-16,0.01078631481439541,-0.03467379596565183
2015-11-17,-0.027424099563944856,0.004019850222604399
2015-11-18,0.0007266205412324485,-0.014569066809431649
2015-11-19,0.018744080900084288,0.007107749034145907
2015-11-20,-0.00907913342775352,-0.014020225694923949
2015-11-23,0.04036259275947049,0.04180132601858254
2015-11-24,0.021951150085573717,-0.07049757092333549
2015-11-25,-0.005345167571001539,-0.012244702803035693
2015-11-26,0.014592695283730327,0.04151793050672099
2015-11-27,0.01750715522521885,0.00914076316331312
2015-11-30,-0.0011759339641283402,0.00010164612764370154
2015-12-01,-0.014480683520020651,-0.014849200751095405
2015-12-02,0.010695659182392936,-0.015032696722245636
2015-12-03,-0.018486932591442826,-0.00431921007797841
2015-12-04,-0.015539379331818187,3.07089443082869e-05
2015-12-07,-0.014486659523554966,-0.021402818128134653
2015-12-08,0.01850661620147183,-0.0006427876830147755
2015-12-09,0.011505168108789033,-0.008553775057559443
2015-12-10,-0.0001622635784019385,0.002845826386198057
2015-12-11,-0.010874204848021018,0.007600259326317794
2015-12-14,-0.02854267640448248,-0.02101402500525557
2015-12-15,-0.021530097666141473,0.03734479414206222
2015-12-16,0.030787335181412873,-0.00620007537969661
2015-12-17,0.03006655793128544,0.01045572623543119
2015-12-18,-0.0008550605250801559,0.00045798945382756993
2015-12-21,0.026706206751583715,-0.00842761464644704
2015-12-22,-0.01738603191922935,0.011219481508611765
2015-12-23,-0.0010392505044880644,0.0019972864840872868
2015-12-24,0.00674219922075949,-0.013791765221647897
2015-12-28,0.008716702671313482,0.001166758566012679
2015-12-29,0.021302231059618013,0.034569969371099074
2015-12-30,0.01107615360420298,0.024812194254842244
2016-01-04,0.004722503239754444,0.00588594719369554
2016-01-05,0.023066886403640175,0.015560473302287197
2016-01-06,0.025794697341634233,0.006721844791986419
2016-01-07,0.009898396628382915,0.010927244939787317
2016-01-08,0.009565168801555135,0.03271689797915821
2016-01-11,-0.0042909848410827775,-0.015017214897806191
2016-01-12,0.0126825917923854,-0.0018620061751524683
2016-01-13,0.012601972060395157,0.005282591825213366
2016-01-14,0.00800028992742673,-0.007338425231470263
2016-01-15,-0.009734360436636148,0.018559952430817272
2016-01-18,-0.003611809971196689,0.03217516392981701
2016-01-19,0.02929140200246419,0.00020864273501448004
2016-01-20,0.008944426573013906,0.03453061799903065
2016-01-21,-0.03532678818831709,-0.015346016184875005
2016-01-22,0.009152143816614278,-0.023555762614844013
2016-01-25,0.011013059030107459,-0.0025620821913130525
2016-01-26,-0.013400004030011802,-0.025375915026801338
2016-01-27,-0.02988390343460569,-0.023900879840295375
2016-01-28,0.0010759224769573191,-0.009175692324379571
2016-01-29,-0.0021084507361863736,-0.016706887533816016
2016-02-01,0.01071545249936195,-0.012961789785285033
2016-02-02,0.006784229561770055,0.026221204165465088
2016-02-03,0.015316358414495827,-0.0017009888609928025
2016-02-04,-0.014960245479651569,-0.0026277905444688186
2016-02-05,-0.0004511108076138918,-0.0011789170272371412
2016-02-11,-0.017613327924983935,-0.016371072251588174
2016-02-12,-0.06568533469502343,-0.020040239604193585
2016-02-15,0.020268684737582948,0.03688273907279558
2016-02-16,-0.0006667157547382389,-0.006069609976744873
2016-02-17,-0.047823701873808355,-0.011016740051461709
2016-02-18,0.0015078241966338946,0.030245090489325246
2016-02-19,0.0012964135188185504,-0.007566138599598432
2016-02-22,0.0027308537808665213,-0.006476984394664675
2016-02-23,-0.012735118993230238,0.01937769545865527
2016-02-24,-0.005019259191717535,-0.000833792707790609
2016-02-25,0.00531447406723216,-0.0031726038484594433
2016-02-26,0.026080716584768675,-0.016326482769791713
2016-02-29,-0.0023087994798851423,-0.0019159320595910799
2016-03-02,-0.003438125192810993,0.024406622546008505
2016-03-03,-0.014463827339916668,-0.0026329855067789235
2016-03-04,0.0005343610271095036,-0.03187980915460345
2016-03-07,-0.057735600017122815,-0.006726348400423116
2016-03-08,-0.00798171740258306,-0.016906512884496232
2016-03-09,0.015744114632178986,-0.0070751851117223825
2016-03-10,-0.01517831420147186,-0.008198777890785875
2016-03-11,0.008396592411632714,-0.008954363505371522
2016-03-14,0.01142997682612363,-0.002903573915739704
2016-03-15,0.0004653163475966879,-0.02527359132749913
2016-03-16,0.024015991259279758,0.021254270475183506
2016-03-17,-0.028280383763690343,0.035840064511013424
2016-03-18,0.005886691941042482,-0.016029947910960442
2016-03-21,0.018662368521450867,-0.007749400184748938
2016-03-22,-0.011743446833065514,0.026496453892454475
2016-03-23,0.013369375753913455,-0.01942904606458263
2016-03-24,-0.012609286855690655,-0.016126607549521204
2016-03-25,0.011191237236753615,0.018678923495838762
2016-03-28,0.0038046058267983797,-0.004545154856638579
2016-03-29,-0.0037371005484274416,-0.00885620395979863
2016-03-30,-0.004634127336966981,-0.00024225346523254997
2016-03-31,0.010026999331533892,0.026820010546124273
2016-04-01,0.007044584806450549,0.044550696147113565
2016-04-04,0.046990265958716824,0.010337101940522874
2016-04-05,0.03635950913976812,0.012204208841064785
2016-04-06,-0.022874978385798328,-0.05648477404764624
2016-04-07,0.012182038176318173,0.01606203618261473
2016-04-08,0.0071992323753196415,0.03396395946489293
2016-04-11,0.010857145935912088,0.026387795924605283
2016-04-12,-0.015337061577856498,-0.015166505470444059
2016-04-14,-0.03800490983815437,0.003995254767375746
2016-04-15,0.0019173403935516637,-0.029546666829716933
2016-04-18,0.008675358579602775,-0.04711170743847894
2016-04-19,-0.027030372709931305,0.011261599535826256
2016-04-20,-0.009225989098261167,-0.004750003342239342
2016-04-21,0.0002240066832030433,-0.008109299103037268
2016-04-22,0.006858653999713168,0.01950355257422151
2016-04-25,-0.002507160523383104,0.0017358714771267495
2016-04-26,0.0008175079094738316,0.012445046897562583
2016-04-27,-0.023695588401766568,0.013750561484241723
2016-04-28,0.008095772849870774,0.024255097808670058
2016-04-29,-0.007868263607804432,0.00705740165594525
2016-05-02,0.009664869342842865,-0.02059699959522781
2016-05-03,-0.002934929694073151,0.008268371890116097
2016-05-04,0.02221216605572844,-0.0032027490181759898
2016-05-09,0.031155888745177263,-0.02670448154595787
2016-05-10,0.018197349299403448,0.00787070819393075
2016-05-11,0.015515707524304048,0.023566818888266346
2016-05-12,0.0035892862472494277,0.002893180813213635
2016-05-13,0.020513332456709495,0.014179782190836038
2016-05-16,0.02123589771182606,0.013415374789745582
2016-05-17,0.008013773962173237,-0.022423289583261077
2016-05-18,-0.0062022499437593805,0.011303944459693975
2016-05-19,0.016309175642239923,0.016943973729469666
2016-05-20,0.025924287397215886,0.050531157092950765
2016-05-23,-0.008645797425182688,-0.0008958851901816503
2016-05-24,0.012877748621187672,-0.003642861830709967
2016-05-25,-0.005752014234148655,-0.030287501139680213
2016-05-26,0.019990503931726217,-0.001700992103678425
2016-05-27,-0.023475980951816293,0.0038598751287840048
2016-05-30,-0.02083589230019535,-0.02155457935432146
2016-05-31,-0.045831132470581806,-0.003709858426363776
2016-06-01,-0.021964749902199734,0.0211949946292417
2016-06-02,-0.010564998912356127,-0.0033142273744631787
2016-06-03,0.016640503395773304,-0.00019794002106634026
2016-06-07,-0.02319559710994324,-0.009672631079553238
2016-06-08,0.003175306428261742,-0.017716886158167442
2016-06-09,-0.0014612858820731685,-0.0017530720319752571
2016-06-10,-0.014994361985649511,0.02005420620788901
2016-06-13,0.007682533560141414,0.006072135394059956
2016-06-14,0.0020542367343144817,-0.0033239603846222984
2016-06-15,-0.007482112959486569,-0.0041675818946687974
2016-06-16,-0.005805386677522631,-0.01655988634116586
2016-06-17,0.0023788472853451467,-0.02190434096008313
2016-06-20,-0.007459880383700265,0.015592537373275811
2016-06-21,0.005734725776083846,-0.0008950644140020434
2016-06-22,-0.0048072408564938576,-0.020956651349776746
2016-06-23,-0.020713196686719317,-0.02638182567435261
2016-06-24,-0.0038102001143764178,-0.011783917577806433
2016-06-27,0.00453002145542046,0.06108362883415948
2016-06-28,0.004961267227633348,0.028763438174281127
2016-06-29,0.0038421617558867527,0.023385862497423346
2016-06-30,0.011645967738422417,-0.006933241997571889
2016-07-01,0.008233078334599651,0.02484567247793984
2016-07-04,-0.004215737942819967,0.0035944355967087536
2016-07-05,0.00865261470727423,-0.0066319078266380786
2016-07-06,-0.02879361652082487,0.0110436865980417
2016-07-07,-0.005559037190805905,-0.010555137904526434
2016-07-08,0.01056013462737505,0.008067833713974844
2016-07-11,0.002587735340629875,-0.004315123332583823
2016-07-12,-0.01986255507876047,-0.0071738139535895955
2016-07-13,-0.00894221328399355,0.006430968239226396
2016-07-14,0.00790215367833019,-0.002442840869712577
2016-07-15,-0.0055702713989040815,-0.007596905965290212
2016-07-18,0.00475758675366191,-0.007322897345362486
2016-07-19,0.015509845176272404,-0.010749028968017856
2016-07-20,0.013855545720727974,-0.0020232494159201325
2016-07-21,-0.0028865677759137474,0.019912232503519145
2016-07-22,0.01951466649377201,0.007714290150936132
2016-07-25,-0.007021337701203674,0.005843006490763433
2016-07-26,0.015019833679408397,-0.0017738980670437528
2016-07-27,-0.020732245241311478,0.006534263319870251
2016-07-28,-0.002386516739551063,0.001163061102086643
2016-07-29,0.0012791353177796254,-0.003510326922673712
2016-08-01,-0.006762050906583245,-0.02140249041084496
2016-08-02,0.012264899027780248,0.00029676548198027735
2016-08-03,0.01486305653982698,-0.0045561879454525615
2016-08-04,0.0040408472879212625,0.0004623528941829335
2016-08-05,-0.02096614792234952,-0.0027795503489930476
2016-08-08,0.022347041933506014,-0.002416044408002204
2016-08-09,-0.008519406386551503,0.006337335122204118
2016-08-10,0.016589479562033792,0.023164657814226643
2016-08-11,-0.010888460375357142,0.021548277324818538
2016-08-12,0.011362091732204697,-0.0036687206626142507
2016-08-16,0.005854657711243807,-0.014101920233168447
2016-08-17,-0.002946626989650354,0.021993313199768317
2016-08-18,-0.00504896284878226,-0.004613520203899093
2016-08-19,-0.019913605072186057,0.00195518111206226
2016-08-22,0.0030343040139537356,-0.012560196709398593
2016-08-23,0.0010814894132251084,-0.002776041282489093
2016-08-24,0.001860840189996312,0.011346791330324135
2016-08-25,-0.0123200776184355,-0.010261566596621361
2016-08-26,0.006523306800299893,-0.0025808521034433006
2016-08-29,0.012100204446201874,0.00136874193501069
2016-08-30,-0.0024190789815121717,0.013044369731769779
2016-08-31,-0.030023879483571443,-0.007799365356678972
2016-09-01,0.006837623233295966,0.011840299224346242
2016-09-02,0.0036868981868516306,0.003394385323130517
2016-09-05,-0.010804560455960082,0.006135977176680906
2016-09-06,-0.012721578672352232,0.017331597829887083
2016-09-07,-0.0032541077558431624,-0.002046799916744152
2016-09-08,-0.0010944183330078676,-0.004709080095655658
2016-09-09,-0.001807878455553422,-0.005958549477716176
2016-09-12,0.0036869756966273967,-0.005640085947965959
2016-09-13,-0.005729808584156598,0.007509706419075116
2016-09-19,0.01583326456313481,0.026147593422347747
2016-09-20,0.024361129875606836,-0.029207021146284217
2016-09-21,-0.0011587013801831513,-0.0068922907102723485
2016-09-22,0.007441198619102349,-0.006428047282255466
2016-09-23,0.006243379797058485,0.00397820717847431
2016-09-26,0.012454735215907757,0.003934228749225682
2016-09-27,-0.00025230705695087827,-0.012054712102165244
2016-09-28,0.0026531497242375203,0.005077834905465909
2016-09-29,-0.012395378083535542,-0.02211907140477351
2016-09-30,-0.02708378026708397,-0.0010816084906648607
2016-10-04,-0.01761190895573575,-0.023246024160537247
2016-10-05,-0.01577446187821424,0.006467074567291221
2016-10-06,-0.009372799006303646,0.00023120918981699157
2016-10-07,-0.01866117897302557,0.007556105957435142
2016-10-10,0.016032600507829866,0.0015339968443279597
2016-10-11,-0.0025602443931988703,0.006184189327595379
2016-10-12,-0.004894909004288267,0.007313249411093004
2016-10-13,0.0026108163707664785,-0.002345183149994363
2016-10-14,-0.011332956500209377,0.0069793667197176265
2016-10-17,-0.002146352195324658,-0.0026464268320453184
2016-10-18,-0.007427518112561088,-0.009309049835184035
2016-10-19,-0.02458928830319091,0.0026009158134567773
2016-10-20,-8.384007455613032e-05,0.00137117311301547
2016-10-21,-0.0056180413233031115,-0.012268974257515745
2016-10-24,-0.0074491813482895,0.003089717671265412
2016-10-25,-0.0184202191692734,-0.028489466216943222
2016-10-26,0.0066983550291521915,-0.02311155314013061
2016-10-27,0.007214799502306933,-0.006169263041869426
2016-10-28,-0.028680777874302805,-0.016799233676944143
2016-10-31,-0.009136381748595053,-0.006016007464029159
2016-11-01,0.007808575356374053,-0.005366348682862217
2016-11-02,-0.03165403657611583,0.008911547745997901
2016-11-03,0.016975736591790736,-0.004610095295189036
2016-11-04,0.0005156356013542758,0.024547676344262838
2016-11-07,-0.011114739167160857,0.02990002990199628
2016-11-08,0.007199759256581873,0.01670446365580302
2016-11-09,0.00235534883912715,0.04831967112372156
2016-11-10,0.0539424932053105,-0.004683628107321092
2016-11-11,-0.01250886741649335,-0.0032557866291825933
2016-11-14,-0.020947314213359318,-0.02683179070168607
2016-11-15,0.02240763448935336,0.011760700665051027
2016-11-16,0.03506395147899468,-0.0273201081979971
2016-11-17,-0.013708713330359345,-0.0024748146414076255
2016-11-18,0.01545582616543418,0.004919204839489075
2016-11-21,0.0008704594744553575,-0.01965619335607305
2016-11-22,-0.003897324414265243,-0.012046444633193633
2016-11-23,-0.030977177263707217,-0.01273108980614679
2016-11-24,0.022363619581762594,-0.015280866970506065
2016-11-25,0.007072763197473101,0.008538965941928833
2016-11-28,-0.011237417348862968,0.005847782459939615
2016-11-29,0.014490628077014196,-0.024780742215294974
2016-11-30,-0.012799638546710585,-0.005432147859230902
2016-12-01,-0.023210795013522967,-0.003341219904608392
2016-12-02,-0.0008606470434107949,-0.006215491333274579
2016-12-05,-0.01638247940511207,-0.045211184162667145
2016-12-06,0.0007799822169704002,0.005168604682978008
2016-12-07,-0.012203356343240719,0.021055774215583207
2016-12-08,-0.010454334442999308,0.013920470270206145
2016-12-09,0.03135055431628646,0.006169040985233442
2016-12-12,0.010396481627484421,0.0048624910260807105
2016-12-13,0.03891695545980513,-0.0037963508612225173
2016-12-14,-0.008668766764446646,0.005461762368489803
2016-12-15,0.007396650692969532,0.014746263810291786
2016-12-16,-0.007899241131114905,0.007748486324617793
2016-12-19,-0.026173202524478193,0.0012860903513179534
2016-12-20,-0.0017047387538908013,-0.014552296423686684
2016-12-21,-0.0024908689350456774,-0.004735542995397118
2016-12-22,-4.8086081671343435e-05,-0.0014205983739371333
2016-12-23,0.01045555938840859,-0.009254996159561466
2016-12-26,-0.0009367120657729567,-0.012703076887242279
2016-12-27,-0.004832339281883468,-0.02831081194117433
2016-12-28,0.011824277122373206,-0.010907473363871809
2016-12-29,-0.014290923804499155,0.016241885795179222
2017-01-02,0.01255123662334389,0.0062453141626693355
2017-01-03,0.0002087311258774701,-0.011822695767554375
2017-01-04,-0.042429880008793865,-0.030299070443696688
2017-01-05,-0.03652146384389469,-0.02083720988420945
2017-01-06,0.0030570025539189433,-0.0028517945540946603
2017-01-09,-0.023163743429365835,-0.019243349032024404
2017-01-10,-0.03700325088694556,-0.022540761154162325
2017-01-11,-0.02076506998440829,0.023828424157545477
2017-01-12,-0.07264683865920674,-0.051159049362702554
2017-01-13,0.05049166709484291,-0.008380263491593765
2017-01-16,0.02522823681683788,-0.014002171791886385
2017-01-17,0.03159900432278941,0.0016302335864536999
2017-01-18,-0.01210934757516714,-0.004728935369125624
2017-01-19,-0.004571861418801826,-0.009540067101837107
2017-01-20,-0.008428639627967176,-0.01752833096888274
2017-01-23,0.00137811836283867,-0.013233728679665359
2017-01-24,0.009649294351594218,0.025568295149383875
2017-01-25,-0.0014790283811851202,-0.010996662334936612
2017-01-26,0.008132657140341996,0.004410641244994407
2017-01-31,-0.03197007387975344,-0.016522454889630528
2017-02-01,-0.04478569246343625,0.009118181187845742
2017-02-02,-0.053379903577439776,-0.05407487272940435
2017-02-03,-0.010727344196073567,-0.0013047050033625773
2017-02-06,-0.02049378788594249,0.026158633843790018
2017-02-07,-0.012193983193794,-0.03412153450802072
2017-02-08,0.005910897417447519,-0.003668969819552054
2017-02-09,-0.012625600132374558,0.00034003033905033453
2017-02-10,0.011112027254619855,-0.007031945154842335
2017-02-13,0.015244127100332894,-0.0068937072450079625
2017-02-14,0.013762905166897516,0.00825118430759797
2017-02-15,0.001488008071098718,0.018034238723470895
2017-02-16,0.01729570173695149,0.020463324039693465
2017-02-17,-0.008598210802498396,-0.0189404135122915
2017-02-20,-0.0051198689075552355,0.00105954780160169
2017-02-21,-0.009196184746920927,-0.0057540836707634935
2017-02-22,-0.0033053599987634408,-0.0034049133550214435
2017-02-23,0.022038387074711292,0.01192311000437099
2017-02-24,0.028775610472991126,-0.008450032938211853
2017-02-27,0.024293294751079265,-0.017065223376495867
2017-02-28,0.01422594153097239,0.0018794755889756376
2017-03-02,0.03649239920617688,0.021597750261073564
2017-03-03,0.02112818196996857,-0.0007784371297106518
2017-03-06,0.04588491580804513,0.02793695403660409
2017-03-07,-0.008396155178837591,-0.004011998678038276
2017-03-08,-0.0014598079239665843,0.004831376681336763
2017-03-09,0.0429900955071503,0.026968084260285297
2017-03-10,-0.005015476871452327,0.007647967376909804
2017-03-13,-0.010674187327311305,-7.424913472992012e-05
2017-03-14,0.0016696359311660827,0.024613544478508484
2017-03-15,0.007384174365911397,-0.014004738520285387
2017-03-16,-0.004892257619935415,-0.002662004089443032
2017-03-17,-0.015856951256263917,0.006736751711716261
2017-03-20,0.012219962397200905,-0.007493110031104314
2017-03-21,-0.005945215172888345,-0.009019240246786025
2017-03-22,0.01056222282114895,0.016814589709686262
2017-03-23,0.019799028177199154,-0.0006396177716400647
2017-03-24,0.0060749611143108015,0.009009658304376916
2017-03-27,0.030714801304774175,0.0022317040230027227
2017-03-28,-0.0012355865288612316,0.009799926620346861
2017-03-29,0.019359742811677405,0.001444681062676395
2017-03-30,-0.01999317187095754,-0.03129757059253526
2017-03-31,0.01029427404816622,-0.007924973403287617
2017-04-03,-0.012327564101661758,0.0017001704263823582
2017-04-04,-0.09055868142746511,-0.006244371636179906
2017-04-05,0.03158846897497168,0.027980768865207103
2017-04-06,-0.015114931567351147,0.028689384497322574
2017-04-07,-0.022589838679900037,0.0065314723112668786
2017-04-10,-0.009962912882328812,0.00648056220153187
2017-04-11,-0.013433344704601472,0.006887250714372597
2017-04-12,0.0115817909248483,0.0031092692718002355
2017-04-13,-0.014379618260362027,-0.011177816494111053
2017-04-14,0.007524992481275839,-0.0012740392169428853
2017-04-17,0.0050311315413169785,0.0017040595010245144
2017-04-18,-0.021495349253464205,0.007281841533673252
2017-04-19,-0.004828243131375863,0.0041719391980986
2017-04-20,-0.011388255439949962,-0.006523623592058787
2017-04-21,-0.016073420167079005,-0.006680343395277295
2017-04-24,-0.02674875731291302,-0.02612508572825459
2017-04-25,0.009003096030515384,0.0063435546431651465
2017-04-26,-0.034140301518568325,0.02965422093141309
2017-04-27,0.021671808375550758,0.038699614601540186
2017-04-28,-0.01659342643331071,-0.005510435716059065
2017-05-02,-0.0362654599683216,-0.02710497093255179
2017-05-04,0.007902783685557812,-0.0186150029795739
2017-05-08,0.00732476282591712,0.025955752841319568
2017-05-10,-0.04737238698312707,0.0013293420693297926
2017-05-11,-0.01331584008103601,-0.0030746983187662433
2017-05-12,-0.004438779169515797,0.008754679824975756
2017-05-15,-0.011189282479439294,-0.0027769102046168313
2017-05-16,-0.013533303334909434,-0.008161827901092752
2017-05-17,0.013395141878183423,-0.00023460955555137768
2017-05-18,-0.018716416225677546,0.011058931791583947
2017-05-19,0.021371867092929195,0.010250811243271965
2017-05-22,0.005797445369640999,0.0004965819887296002
2017-05-23,0.0013298990415782919,-0.011503803658412515
2017-05-24,0.0017317694121271772,0.009078064168940504
2017-05-25,0.029254500076006967,0.02188551333577791
2017-05-26,0.009509996394596543,0.0042104802142378375
2017-05-29,0.006293839650067301,0.0194132296942629
2017-05-30,0.002608187442679946,0.01409005077648953
2017-05-31,-0.010636745729141623,-0.0038720712993714837
2017-06-01,-0.012375311799936718,0.00536569142657108
2017-06-02,0.002365462459172023,0.0042036200166123095
2017-06-05,0.008954220424373037,-0.0018998332530425106
2017-06-07,-0.008455381290008925,-0.004811998494120319
2017-06-08,0.00513209503553412,0.017271731787930487
2017-06-09,-0.002662438266937954,0.010419221000330795
2017-06-12,0.01157586289209752,-0.015003148720419517
2017-06-13,0.00135692221131525,-0.007214288324513207
2017-06-14,-0.011558373551820251,-0.011711616035843513
2017-06-15,0.007209334766848697,0.0062475555691944625
2017-06-16,0.0038096686353434536,0.026506941524161373
2017-06-19,0.0007908784006221007,0.005089933681837944
2017-06-20,-0.012730335734881979,-0.019150090928026876
2017-06-21,0.010130880231824829,-0.004060649423496927
2017-06-22,-0.01214791385356074,0.018104712722741702
2017-06-23,0.02144020494339549,-0.008357778853412766
2017-06-26,-0.002029739352994787,-0.0033475967392758415
2017-06-27,0.005259469284500508,0.0009060204981762355
2017-06-28,0.009041312693316815,-0.013625095955437474
2017-06-29,-0.017948703622450563,0.006626469073741243
2017-06-30,-0.01052377873511377,-0.0013344382096341755
2017-07-03,0.023015897579703577,-0.004396194345972311
2017-07-04,-0.007696419383894263,0.008556943689945777
2017-07-05,0.005877689957040555,0.017339851722131795
2017-07-06,-0.0062146717957675575,0.005777135395657799
2017-07-07,0.006248381338260905,-0.012586132987993905
2017-07-10,0.0012534619404287236,0.008016468873126589
2017-07-11,-0.00559404276992475,0.010595466521795752
2017-07-12,-0.00728898804153363,0.004332389604444187
2017-07-13,0.011132194482983075,-0.015598428115748464
2017-07-14,-0.010100083886397443,-0.026895623271774277
2017-07-17,0.019295706589623637,-0.0038222338093770215
2017-07-18,0.010091600522316956,-0.013476169630826903
2017-07-19,0.014582920747130036,0.007116904918414547
2017-07-20,-0.026935770892707465,0.002162546929328592
2017-07-21,0.015758245804046146,0.005210729351787119
2017-07-24,0.02027187925692126,-0.0062019776553810056
2017-07-25,0.0012907193785549852,-0.007831020163131738
2017-07-26,0.0013886676106883156,0.006331848316046123
2017-07-27,-0.0006341696312953272,-0.005282877441529147
2017-07-28,-0.015142894072448246,-0.033319997585706015
2017-07-31,-0.007482208041885881,-0.0013655972782453604
2017-08-01,-0.00021151513753844484,-0.004089175679924462
2017-08-02,0.01065890560257939,0.006334752662549244
2017-08-03,-0.007122946373849231,-0.027250871920226693
2017-08-04,-0.0040712783626794605,-0.01640795242948728
2017-08-07,0.007820356855609221,0.019277349565728935
2017-08-08,0.0009110292820382715,0.009212575093125962
2017-08-09,-0.00574273588180327,-0.007516896501231442
2017-08-10,-0.0027932481803986044,0.0009087776529756748
2017-08-11,-0.006206614414817846,-0.0070103947963628226
2017-08-14,-0.014584520137206198,0.018370918917802178
2017-08-16,-0.011539050688687966,-0.018384512983986682
2017-08-17,0.013142679044268094,0.003408570937425538
2017-08-18,0.0035260122412905295,-0.008876065559260888
2017-08-21,0.009332964192512663,0.002758678091044798
2017-08-22,0.0040885521203995875,-0.019322090968943887
2017-08-23,0.0026978492649876416,0.0067535963904441845
2017-08-24,0.008665927534737855,0.003241173625728195
2017-08-25,0.004101438278828999,0.0007163518358640257
2017-08-28,0.0010693525342107251,0.009931363244648696
2017-08-29,0.004841070945921372,-0.0010066549849621434
2017-08-30,0.010587726155136937,0.011694545021149451
2017-08-31,0.0021074251173071865,0.007619244977938773
2017-09-01,-0.012636142259311468,0.027770784436918997
2017-09-04,-0.00020355879854954892,-0.01214896734042635
2017-09-05,-0.019867021346365667,0.0012737359617908516
2017-09-06,-0.019140573819199917,-0.05282154251721961
2017-09-07,0.006237021782652907,0.046307065193669686
2017-09-08,-0.011980413171727896,-0.02851065368591263
2017-09-11,0.004778126023492809,0.041080125039587245
2017-09-12,-0.0020928742021906043,0.017575744058101958
2017-09-13,-0.012536738826078378,-0.014823857973779003
2017-09-14,0.0013174806863375066,0.03479197830226632
2017-09-15,-0.014357406227727779,0.0005889626980103441
2017-09-18,0.006289918111993993,-0.0076268921697010775
2017-09-19,0.009191280516792718,-0.008382378434572704
2017-09-20,-0.01293777191626324,-0.010825662505450619
2017-09-21,-0.010950001965509045,0.002786334172846572
2017-09-22,0.006069571808009523,0.019536923094585323
2017-09-25,0.019190847188811297,0.018033740275744965
2017-09-26,0.00785930751809908,-0.018867605280052793
2017-09-27,0.02330115942411691,0.011446496475375854
2017-09-28,0.0010758955630501919,-0.01277408286736449
2017-09-29,-0.01593051897680782,-0.01151280557584343
2017-10-10,-0.013281503658865159,0.01697837250285018
2017-10-11,-3.9068405299616527e-05,0.006594806428799225
2017-10-12,0.008337727162681276,-0.00536681640481709
2017-10-13,0.0026576759239849077,8.863018427205348e-05
2017-10-16,0.007148957322192279,-0.008331913003123703
2017-10-17,0.029871392193902148,0.007615318013867854
2017-10-18,0.04172144520108097,0.013655223409687717
2017-10-19,-0.000593601192979301,-0.007609622503267686
2017-10-20,-0.010514240797566708,0.006101845124694381
2017-10-23,0.001545131187054384,-0.01284321461047753
2017-10-24,-0.000164977796277077,0.014050193427516918
2017-10-25,-0.0029290734855137697,-0.0014968081795924699
2017-10-26,-0.013944462763423971,0.0033222153507281565
2017-10-27,-0.0005681159667209109,0.0018767431380229912
2017-10-30,0.014871552820399068,0.01965506456432837
2017-10-31,0.0063875387369748,-0.012366032544095228
2017-11-01,-0.006710516887926397,-0.0010946760935889028
2017-11-02,-0.008042853665675302,0.014931433076818162
2017-11-03,-0.00048058176170201385,0.006767035477307492
2017-11-06,-0.0025333881644777215,-0.008343118327813622
2017-11-07,0.008350970364393237,0.009931158457828666
2017-11-08,0.01736023504274795,0.0045053227108223385
2017-11-09,-0.005572835147829238,0.004513785557047409
2017-11-10,0.015941839491468726,0.019861327651416738
2017-11-13,-0.0005197413706470649,0.002506018852466565
2017-11-14,-0.012585323890398762,0.024599816153458617
2017-11-15,-0.015757090738979015,0.02129922491070534
2017-11-16,0.0027784465215926063,0.006663866500860885
2017-11-17,-0.004929866002103229,0.008767673353237687
2017-11-20,-0.013056765136507515,0.012735632190643113
2017-11-21,-0.016716801698664442,0.004457797997073568
2017-11-22,0.00584465073941596,0.007289615138099179
2017-11-23,-0.0033281874137385172,-0.00010959615125720641
2017-11-24,0.002996874257963038,-0.0029561907200034397
2017-11-27,0.008593635714419127,0.0022533976126496514
2017-11-28,0.017462833082213584,-0.023753639069335232
2017-11-29,-0.006293580077702128,-0.018955781629844962
2017-11-30,-0.01345778022988464,-0.024940264977037017
2017-12-01,0.023669335194089567,-0.008576334170836183
2017-12-04,0.021090025927047156,-0.007814250710380877
2017-12-05,0.04128244004949971,-0.02112371617271442
2017-12-06,-0.016423185008790562,-0.07526447552632641
2017-12-07,0.02457206646119638,0.00016543228097525356
2017-12-08,-0.0029826254646955937,-0.0135596134053497
2017-12-11,0.0012673009807621927,0.026693608220866978
2017-12-12,0.023832368328221033,0.0008754541499365887
2017-12-13,-0.014571190730166316,8.89542874784521e-05
2017-12-14,-0.0017085087216299343,-0.03332497531738972
2017-12-15,0.0010201466201215986,-0.056586652923071724
2017-12-18,-0.011906606443559321,-0.05424141087476934
2017-12-19,-0.00949783891778349,-0.012205730482825552
2017-12-20,0.006918783441407104,0.0448969955052383
2017-12-21,0.005701527574943674,0.006156739224415092
2017-12-22,-0.003066496574451066,0.04616140140214449
2017-12-26,-0.004156159310651402,0.0069769856793553044
2017-12-27,0.009234828728901695,-0.024886223073639517
2017-12-28,0.015833195414289784,0.04846673937083537
2018-01-02,0.0032630371117923877,0.027377407106931862
2018-01-03,-0.01649515616890857,-0.015414925520409014
2018-01-04,-0.02648234742916437,-0.023881586724863377
2018-01-05,0.06016853023086818,0.047947789724301464
2018-01-08,0.020301008280792808,-0.040577205733394066
2018-01-09,0.012083169291619518,-0.02253438390364367
2018-01-10,-0.013373222307011639,-0.024442016872755257
2018-01-11,0.003941398052789557,-0.011837054909190261
2018-01-12,0.003597268253603347,0.043422026350430507
2018-01-15,0.028404504723511834,0.03321501297681922
2018-01-16,0.04280688424188025,0.01943087727526123
2018-01-17,-0.004882600079260175,-0.037444843799195264
2018-01-18,-0.0036314024885939203,0.004999664737192438
2018-01-19,-0.026703859513319536,-0.03592814469192328
2018-01-22,0.008727593405493205,-0.007376829472689632
2018-01-23,-0.0019497143535804722,0.04769098024256434
2018-01-24,-0.02066438494498337,0.005490001231807174
2018-01-25,-0.010395933312219115,-0.039266030147186326
2018-01-26,0.015022596702053453,-0.0162959246119146
2018-01-29,0.004947674525427536,-0.02922781695319645
2018-01-30,-0.008975393470296533,-0.021999276336023513
2018-01-31,-0.006136695957030958,-0.034158716133344605
2018-02-01,-0.013977082011284708,-0.042549020935802484
2018-02-02,-0.012553170687995035,0.015780737636635834
2018-02-05,-0.018728676470200233,-0.016791031158366
2018-02-06,0.01957216755205655,0.008135692520474353
2018-02-07,-0.024058142812029476,0.0025347754023727787
2018-02-08,0.01117634268789483,0.030747277100076877
2018-02-09,-7.683908855894879e-05,-0.008188772783780569
2018-02-12,-0.014804437190362167,-0.006001942021690959
2018-02-13,-0.020908793300171362,0.0017002145558432658
2018-02-14,0.02209815732035975,0.02709245286951063
2018-02-19,0.007538002562102297,5.80630184672179e-05
2018-02-20,-0.027768651158263276,-0.023852629219590228
2018-02-21,-0.007333028551408584,-0.0016228980146691559
2018-02-22,-0.00288825568697938,-0.024305973541060892
2018-02-23,-0.000290264218775327,-0.0037095438793292353
2018-02-26,0.0011426017087153677,-0.008453085219653855
2018-02-27,0.019829286996907853,0.007555276521116139
2018-02-28,-0.026015840839283315,-0.021191167372661215
2018-03-02,-0.000507509187034222,0.026908965529979713
2018-03-05,-0.006740730987081372,-0.004269955681122168
2018-03-06,0.033651258445411364,0.031496832711015756
2018-03-07,-0.015031381960220825,-0.020711284229410053
2018-03-08,-0.007192733399304041,-0.0055050669250587755
2018-03-09,-0.0009357213497056607,-0.033169324730098426
2018-03-12,-0.008755660486380469,0.01769208624103892
2018-03-13,-0.005233824110508522,0.019910667207963834
2018-03-14,0.013727296541976531,0.005514695884954352
2018-03-15,-0.01099564113990637,-0.00024100558351570784
2018-03-16,-0.006374853236638389,0.0016476061595210702
2018-03-19,0.015078176274719125,-0.010028670781309777
2018-03-20,-0.005575236715257015,0.029725830349666124
2018-03-21,0.0013126433467819717,0.018425311183059123
2018-03-22,0.028252764458225214,0.029452814597145396
2018-03-23,-0.017618463761187197,-0.005905492338300927
2018-03-26,0.011283434712021779,0.025311019495903322
2018-03-27,0.008072047459973496,-3.22927520293656e-05
2018-03-28,-0.020892434493127172,-0.0069966382692030135
2018-03-29,0.013795167720180024,0.00689808072020372
2018-03-30,-0.0024759069787797447,0.001853660637437372
2018-04-02,0.016336943543501497,-0.01643658282170261
2018-04-03,-0.016604346763798385,0.0021775606520042356
2018-04-04,-0.032507880718971635,-0.04302247876894906
2018-04-05,-0.009995454388939683,-0.0064723210437534545
2018-04-06,0.007633339971865843,-0.009100152966208926
2018-04-09,0.006319543290147822,-0.007797660625342257
2018-04-10,0.026530573625985522,0.012122431925500082
2018-04-11,0.009986914074081032,0.017010797321068007
2018-04-12,-0.0005303965762955831,0.06566752607133894
2018-04-13,-0.024789853222314986,-0.0021774072019877075
2018-04-16,-0.015743196098353906,0.01469051845357915
2018-04-17,0.017453341610066876,-0.0030498965507011356
2018-04-18,-0.021245890857626508,-0.0005650352126135849
2018-04-19,-0.007392960845155283,-0.01974945466858915
2018-04-20,-0.011507741476064176,-0.009832382150137653
2018-04-23,-0.014561571107706704,0.00035775271692098376
2018-04-24,-0.0026042622818343644,0.06760342903367825
2018-04-25,-0.013278576153313886,-0.010912219157850876
2018-04-26,0.01151395049979741,-0.008767814063187834
2018-04-27,0.003317717832958916,0.014500002710070492
2018-04-30,-0.00653293452123453,0.002845043880977881
2018-05-02,-0.031971214538201606,0.012302784569846684
2018-05-03,0.0017502875984377279,-0.0024535071567072077
2018-05-04,-0.005219988745877972,-0.013614669768182422
2018-05-08,0.017740302714342696,-0.020960752371877247
2018-05-09,0.022775450923044466,0.02739609088009818
2018-05-10,-0.0047664770505567115,-0.0031293607660035196
2018-05-11,0.000986669646956118,-0.004668602565958769
2018-05-14,-0.0021196325553496983,-0.014965233736370926
2018-05-15,-0.011720410856120045,-0.0031507345151158763
2018-05-16,0.03012160188528073,0.003000994666259523
2018-05-17,0.014232263975884505,0.01410050028151786
2018-05-18,0.009900270650004268,0.022949032168766738
2018-05-21,0.014570043749702027,0.013380702310883721
2018-05-23,0.017491428345208615,0.0069603930919138884
2018-05-24,0.015251439323189743,0.012934561266474508
2018-05-25,0.01647772936355981,0.030112945610338962
2018-05-28,-0.03995942018552979,0.00033706663728336715
2018-05-29,0.002428847063063083,-0.005619587163351505
2018-05-30,-0.013328657699857055,0.02782005323498146
2018-05-31,0.003546423232852647,-0.013760360118199599
2018-06-01,0.010550821549124918,0.0226814846939271
2018-06-04,0.024936284179613036,0.009744714223326442
2018-06-05,-0.00588200323346893,-0.014392400386049475
2018-06-07,0.0034077151544749315,0.028307417563056266
2018-06-08,-0.0054389546832823875,-0.007868986323066028
2018-06-11,-0.014182060549589103,-0.02034657285603013
2018-06-12,0.03140206090090507,-0.005672413865123909
2018-06-14,0.018742011843989874,0.009240058005437235
2018-06-15,-0.009686840113414669,-0.009843042124184274
2018-06-18,-0.0064323507019389894,-0.02676636165996572
2018-06-19,-0.0018185648494377094,-0.007521888648331511
2018-06-20,0.03631392679277419,0.026940811647525625
2018-06-21,0.008315862167558564,-0.009615601208158237
2018-06-22,0.02585221714172203,0.029773622993868886
2018-06-25,0.006490591739621755,-0.0086063134030867
2018-06-26,-0.00019217657896646902,0.0014197712123202415
2018-06-27,0.013932690331082288,-0.008512539275197715
2018-06-28,-0.010460919866196834,-0.021289819700732873
2018-06-29,0.003423167649730069,-0.0013996859090071798
2018-07-02,0.013467593871093014,-0.005620088628092618
2018-07-03,0.006553711607471891,0.03157351870910468
2018-07-04,-0.013805979995417966,-0.01083648001966811
2018-07-05,0.015677253348040533,0.011322293302726464
2018-07-06,0.004658025814481392,0.003289868636169169
2018-07-09,0.019047424772800414,0.01646713886434527
2018-07-10,-0.013999873805714668,0.0020242183952268126
2018-07-11,-0.013159881934279588,-0.009811510403339326
2018-07-12,0.012634045207852922,0.012116180757978625
2018-07-13,0.012825150385920563,0.0006149377762862634
2018-07-16,0.00898704479973498,-0.009485887960565407
2018-07-17,-0.003922074988081025,0.01590906048683061
2018-07-18,0.00024293283215415587,-0.014411594273809093
2018-07-19,0.01052104575396734,-0.006603194766274807
2018-07-20,0.006658139659522938,-0.00591171325412644
2018-07-23,-0.016331845346865527,-0.03297904201240752
2018-07-24,0.00249975445571971,-0.0013861279848046597
2018-07-25,0.01010429019344421,0.02661156417036995
2018-07-26,-0.002719255725710419,0.020066804687018564
2018-07-27,-0.005864683250557102,-0.004998854306306304
2018-07-30,-0.025198196030716574,-0.00584983265388786
2018-07-31,0.0017924579184865452,0.009028407245542915
2018-08-01,0.0013096025604879373,-0.005417366363324518
2018-08-02,-0.004438073303394335,-0.000699159402351954
2018-08-03,0.007366549195640688,-0.013458195430898356
2018-08-06,-0.02388176473060477,-0.008797998149421598
2018-08-07,-0.0021150667376761355,0.0038081466475420305
2018-08-08,-0.009210874532998108,-0.0011304185083898868
2018-08-09,0.0028401771052992747,0.010391516995842839
2018-08-10,-0.01420575649122107,-0.008403316282839923
2018-08-13,-0.002760648262439852,-0.009405135893484528
2018-08-14,-0.0026763053527091634,-0.022350615106088295
2018-08-16,0.023652329790715538,0.02195371265095908
2018-08-17,0.008133040528627324,0.02591169315620492
2018-08-20,0.0032862879693090824,-0.005514697797433277
2018-08-21,0.013138252959217528,0.024796222218441574
2018-08-22,-0.015552671981217885,0.0016120014807280538
2018-08-23,0.0033898831312544897,-0.00325483866243286
2018-08-24,0.013600464858437727,0.0006129290922028425
2018-08-27,0.014978725870891847,0.01418558843338424
2018-08-28,-0.012830041036819295,0.0003325460085986994
2018-08-29,0.009102079081048996,0.0014987177551634527
2018-08-30,-0.0016016539074831192,-0.0055742261753799
2018-08-31,-0.00019403846284465898,0.00778736710580754
2018-09-03,-0.013354380422012879,5.177967199447315e-05
2018-09-04,0.015469434207311904,0.015618582330283811
2018-09-05,-0.019571046861660585,0.02096895828510251
2018-09-06,-0.0004439636365310244,0.007653199860321534
2018-09-07,-0.0023035735573598837,0.0044380994732687055
2018-09-10,-0.013119347774390578,-0.009085002420052569
2018-09-11,0.005963311713418901,0.005688195187026932
2018-09-12,-0.0028720675193091233,0.0006081131698316309
2018-09-13,-0.004387008551728005,-0.000775245920271021
2018-09-14,0.0028664773698968415,0.013918364578328077
2018-09-17,0.011026718008011811,0.0041366610376899265
2018-09-18,0.022187852287576977,0.008654357670329587
2018-09-19,0.06488722329996979,0.006630600888922469
2018-09-20,0.013481954731689429,-0.012869960475355654
2018-09-21,1.088424440683338e-05,-0.0008873319707509101
2018-09-27,0.006692247217200686,-0.01000965626639998
2018-09-28,0.007323756450270858,0.205566063921735
2018-10-01,-0.015867638497294414,-0.040156621344616665
2018-10-02,-0.011392732197838101,-0.004318941264934983
2018-10-04,0.011429838673596232,0.060330776085936094
2018-10-05,-0.011066326344187694,0.006731327704651437
2018-10-08,-0.010136506145344965,0.02983862275216239
2018-10-10,0.012616294585992886,0.049592686928131784
2018-10-11,-0.010088298452964967,0.025892265957386765
2018-10-12,0.03775635330669021,0.0047683508303544495
2018-10-15,-0.01647547712402346,-0.008826073278729876
2018-10-16,0.007690663640862322,0.020917731133118254
2018-10-17,-0.006903221933583963,-0.02503617873075137
2018-10-18,-0.010639443520064542,-0.0230607636837752
2018-10-19,-0.002700642615585647,0.016042169559935454
2018-10-22,-0.004551008570457565,0.011822167681543597
2018-10-23,-0.021278874296080854,-0.02111012603086322
2018-10-24,-0.009059752292757812,-0.0035760087523444284
2018-10-25,0.008349631222855227,0.0202400176538826
2018-10-26,-0.010973970050612507,-0.003992008321289653
2018-10-29,0.024056021911854755,-0.0003875258363888745
2018-10-30,0.030047323633162003,0.033148588799779014
2018-10-31,-0.02145604684802188,-0.01746964052514666
2018-11-01,-0.014800802496545098,-0.0226231268952486
2018-11-02,0.011939995724510433,0.02856873232619086
2018-11-05,-0.009756423992362847,0.019427393595056557
2018-11-06,0.011707273623074652,-0.003504393674616457
2018-11-07,-0.0035431581655539675,-0.004712367020405148
2018-11-08,0.02039422590824988,0.024857837777634763
2018-11-09,-0.00998189448232395,-0.015557326907131562
2018-11-12,-0.021720742900178447,-0.018637888466446827
2018-11-13,0.02082863724831226,-0.0062236682910655605
2018-11-14,0.008531968883875293,-0.011228794385310714
2018-11-15,-0.005554698223346173,-0.006176588815366415
2018-11-16,-0.008789855915756154,-0.05876397246123097
2018-11-19,0.007451938848650004,0.0008080724278834855
2018-11-20,-0.004179932523246305,-0.03877442432758492
2018-11-21,0.005598928487776155,0.008823018929536033
2018-11-22,0.008402495485971037,0.0108572683295856
2018-11-23,-0.005303338232874481,-0.007651303124781246
2018-11-26,0.024773680617963954,0.02732275328254288
2018-11-27,-0.003511528729933499,-0.013896219117871117
2018-11-28,-0.0032841543403101083,0.012807106755072543
2018-11-29,-0.014624042573400305,-0.0018345168294234071
2018-11-30,-0.0128769846187273,0.01098608740407265
2018-12-03,0.0030065026214061014,0.018304530144253928
2018-12-04,-0.00903816654636057,-0.034283231369472686
2018-12-05,-0.026525882292967966,-0.048973484897767934
2018-12-06,-0.021087076128757185,-0.026663161269182924
2018-12-07,0.004314469917784791,0.009286502736444881
2018-12-10,-0.018060106177809523,-0.026499376731267357
2018-12-11,0.007031135627618269,0.002460263848710207
2018-12-12,0.01947729256698796,0.016963150521641237
2018-12-13,-0.007454522936460867,0.004197537886594457
2018-12-14,-0.01864370066252984,-0.039453448262578295
2018-12-17,-0.020210803241150405,-0.01130660421729644
2018-12-18,0.004198763379481088,-0.011029742867565924
2018-12-19,0.008188198311122368,0.02113941280834516
2018-12-20,-0.019646063595100162,0.0011377376769309677
2018-12-21,0.014712700051346377,0.014672907617021069
2018-12-24,0.006244805300939585,0.015236240891876814
2018-12-26,0.017222948640376004,-0.0071846350681977235
2018-12-27,0.020054202062394885,-0.010432683316364894
2018-12-28,0.007653845137990289,0.01312041402900371
2019-01-02,0.008215392520119796,-0.003546883663111704
2019-01-03,0.002723952145810965,0.02433059643253653
2019-01-04,0.018626124732799815,0.007226099273522946
2019-01-07,-0.023553075065980728,0.011375004467040675
2019-01-08,0.02075465680003849,0.017746267428667396
2019-01-09,-0.013304439655579673,-0.012191762891667146
2019-01-10,-0.0139646525171347,-0.02073925189739773
2019-01-11,-0.004198271810933834,0.03498457462250837
2019-01-14,0.020487197826236692,0.0066510212928987105
2019-01-15,-0.03383539297535451,0.014449651798998365
2019-01-16,-0.00697465006585411,-0.012420715839412538
2019-01-17,-0.016240389771536617,-0.04639146356028068
2019-01-18,-0.02110673324406634,0.0033913728642730994
2019-01-21,-0.03534180123168285,0.004675839877585319
2019-01-22,0.029673634275283065,0.005838658943248509
2019-01-23,-0.01036086167932208,0.01893673762307798
2019-01-24,0.02187948678840757,-0.016365634794811915
2019-01-25,-0.00665182633189026,-0.009209020446283255
2019-01-28,-0.00029090611223659416,-0.0181722965408821
2019-01-29,-0.006817217709710766,-0.01890084223149348
2019-01-30,0.010621593584710615,0.003935824154270406
2019-01-31,-0.021009155494223285,-0.0028343060787729617
2019-02-01,-0.005634557725180911,0.04220360474792449
2019-02-07,-0.033537653897274054,0.021502871728883592
2019-02-08,0.008276627229941814,0.012119572874531137
2019-02-11,0.006556218340763054,-0.024829778595200327
2019-02-12,-0.03138627036567161,-0.03979958723548637
2019-02-13,-0.011969374719261235,-0.0012111534187486308
2019-02-14,-0.026165929550343817,-0.023823100071134532
2019-02-15,0.00128320600791363,-0.0014512113585784898
2019-02-18,-0.006856721905524587,-0.010042608505010316
2019-02-19,0.015398162405905906,-0.0054554477863619395
2019-02-20,-0.011674827215427876,-0.023093780175999157
2019-02-21,-0.011855849751156406,0.00277663018886753
2019-02-22,-0.008261914904276935,-0.0020898077237370364
2019-02-25,-0.017820892639582753,-0.0377334928649674
2019-02-26,0.010402893818985664,0.0023880394053141427
2019-02-27,0.00619780979216057,0.0009511056424084015
2019-02-28,-0.01864686923144982,-0.06810973215676067
2019-03-04,0.0016091556726733174,-0.00533749600788642
2019-03-05,0.02965264608389319,0.020724864899223365
2019-03-06,-0.0034973841883822357,0.007391031922272693
2019-03-07,-0.0034063559952403517,-0.012906826143304233
2019-03-08,0.0007602153557360212,-0.0018204228105552119
2019-03-11,0.005017003907604384,0.008255287758099594
2019-03-12,-0.00291742052710443,0.006479651990939971
2019-03-13,0.0008862580291442823,-0.010129937563686445
2019-03-14,0.007697637727447549,-0.011199034086080818
2019-03-15,-0.014939469632160024,-0.026159055344817696
2019-03-18,0.022770780668965172,-0.00039307217115677057
2019-03-19,0.001535571759537546,0.03242433815477244
2019-03-20,-0.006029915115525037,-0.02343268825799458
2019-03-21,-0.019232814256758823,-0.011933134657018339
2019-03-22,0.0069779813348679436,-0.012630467668354614
2019-03-25,0.005875592015381785,-0.009282272666310779
2019-03-26,-0.002809385294709421,0.010466083381421671
2019-03-27,-0.002728421237391015,-0.03088401770821668
2019-03-28,0.0008192922836623255,-0.014391780934029147
2019-03-29,0.023961895538891352,0.01701968349538683
2019-04-01,-0.01688559481214518,0.006801114404065417
2019-04-02,0.0007870165600415875,-0.002504051540684501
2019-04-03,-0.009365975651214893,0.009197566758594134
2019-04-04,-0.014976100055811703,-0.0034217377911318595
2019-04-05,-0.001460507345834977,0.00769302085881377
2019-04-08,0.00657090050601169,-0.003517084499966617
2019-04-09,0.0012214461125325648,0.008533035178888768
2019-04-10,0.024134520363389922,0.005497269655322174
2019-04-11,0.000488579903449594,0.01240109615190825
2019-04-12,-0.002607753385883288,-0.016280838790864297
2019-04-15,-0.004913370449840825,-0.00930482693838574
2019-04-16,2.0173013647628232e-05,-0.01374179057418607
2019-04-17,-0.02990604121817534,-0.029319302192216946
2019-04-18,-0.007569439176242815,-0.025875724530079754
2019-04-19,-0.013921054330044104,0.0075984685125255625
2019-04-22,0.026628323352422198,-0.01374928429077913
2019-04-23,0.004498058886189999,-0.018348995413289063
2019-04-24,0.0009840431243983098,0.0028024162638526145
2019-04-25,0.0032564920777280407,-0.004322421930668102
2019-04-26,0.006127755661804102,-0.008202400901504495
2019-04-29,0.006284159396544326,-0.014346721756100547
2019-04-30,0.005642471892556738,-0.10468562455078734
2019-05-02,0.008954871750434606,0.00024747453463809586
2019-05-03,-0.010204106152304854,0.0020842404378706766
2019-05-07,0.006123762887549788,-0.008404726946542419
2019-05-08,0.009379063887265926,0.008425897643560358
2019-05-09,-0.009618462809545328,-0.020589787036579293
2019-05-10,3.176129320634489e-05,-0.011807454267007193
2019-05-13,0.0031182516273400903,-0.014961822671287114
2019-05-14,0.009373742468297669,-0.018754249836878158
2019-05-15,0.013086248837625143,0.029070378779653117
2019-05-16,0.048620741600860884,0.0017654412481535302
2019-05-17,0.018780720012855807,0.015495463590591023
2019-05-20,0.003680505638221688,-0.021997262310343317
2019-05-21,-0.011455875936663357,0.008967437807489313
2019-05-22,0.01732989909600848,0.009698407527990885
2019-05-23,-0.02036389879750583,-0.008062306960316285
2019-05-24,-0.006967779518263235,-0.01412508931157003
2019-05-27,0.004455569094129364,-0.009307412683532724
2019-05-28,0.00903156427544333,0.013096321995510118
2019-05-29,-0.000860611968989268,-0.0053266698179303545
2019-05-30,-0.012909262016864598,-0.01583692721563821
2019-05-31,0.021837588893360998,0.011728298413577944
2019-06-03,-0.00013360945377389154,-0.0021227686893778306
2019-06-04,-0.008191665481905275,0.011156570985856103
2019-06-05,-0.008399298996794658,-0.01811869110012464
2019-06-07,-0.011016113766814668,0.020054491332838098
2019-06-10,-0.0025249477731117357,0.032407897394794695
2019-06-11,0.0030312087555669567,-0.004157130427177872
2019-06-12,-0.0023084123234708765,0.0028017655313083882
2019-06-13,0.005246391935009869,0.006257856560988086
2019-06-14,0.01280100729112522,-0.008462991461443019
2019-06-17,0.0013252857993895032,0.006160049418183675
2019-06-18,-0.009439231309117658,-0.025121746084115916
2019-06-19,0.012463948606399421,0.012634572408318473
2019-06-20,-0.004542456264561734,0.0012605757395659674
2019-06-21,-0.022408955502138977,-0.029844223803734523
2019-06-24,0.020862522408202862,-0.03295730452940612
2019-06-25,-0.008343583662795435,-0.007303497430045609
2019-06-26,0.013654250716259874,-0.023084517808401855
2019-06-27,-0.019381701395982637,-0.0047460024177884965
2019-06-28,-0.009425256146810945,0.0012559492175054678
2019-07-01,0.03818398046962768,-0.002459821648071755
2019-07-02,-0.008676109724596736,0.009642581833458005
2019-07-03,-0.012749054607661282,-0.013008305694655081
2019-07-04,-0.005331978157343832,-0.01717238339808445
2019-07-05,-0.0019671170214960844,0.019248244318228105
2019-07-08,-0.005538464820817483,-0.014824095432301006
2019-07-09,-0.00788782065405184,-0.01787637478822613
2019-07-10,-0.0065875263895740065,0.008419851725484156
2019-07-11,0.017955018113070376,0.03477981403603178
2019-07-12,0.008150701570187664,-0.0028123563612025004
2019-07-15,-0.007157405913866207,-0.020883921510195486
2019-07-16,-0.005843152806590502,-0.00015820206166621258
2019-07-17,0.006967575025565637,0.006690501270277843
2019-07-18,-0.013019618104542979,0.0050085819874005
2019-07-19,0.019471334203701243,-0.004184950601007566
2019-07-22,-0.008869592583623043,-0.009166022985712514
2019-07-23,-0.018457636091090957,0.010971911861655812
2019-07-24,-0.015883106579754173,-0.041192884829570196
2019-07-25,-0.002640078807008117,-0.027153005526587583
2019-07-26,-0.018858865960047325,-0.013309669721240928
2019-07-29,-0.01211708077054384,-0.05622721800377486
2019-07-30,0.021274545698990326,0.011864248687804755
2019-07-31,0.02857371959464274,0.018213525425453875
2019-08-01,0.019302559057691297,-0.010706374762203662
2019-08-02,-0.00303309963052526,-0.004725965055976258
2019-08-05,-0.03796017049100174,-0.07223195235655071
2019-08-06,-0.03112814662904415,-0.014748801300638024
2019-08-07,0.0006348935821268564,0.023635410769989734
2019-08-08,0.02311855169070782,0.025513662215326777
2019-08-09,0.010978904476781036,-0.015749760126466148
2019-08-12,0.017047197039420734,0.0112928489617719
2019-08-13,-0.007738769224750669,0.023520221071303
2019-08-14,0.00308842016867923,0.0072885269858092554
2019-08-16,0.00520314367314923,0.003381471187181257
2019-08-19,0.007540473835484684,0.010130072180196485
2019-08-20,0.009198832070676267,0.033734599631974276
2019-08-21,0.01872668294954837,0.02863377145843645
2019-08-22,-0.006189208068644986,-0.009268673373115311
2019-08-23,-0.020674291787843822,-0.005647984751015574
2019-08-26,-0.004088713374896233,-0.03953405538468702
2019-08-27,0.010116964580076337,-0.009389552672277056
2019-08-28,0.013802205961963056,0.04296835963681632
2019-08-29,0.017446110849286448,-0.02020628251920066
2019-08-30,0.013120768324536845,0.0035514613571681723
2019-09-02,-0.011067671272180234,0.0010417966341091413
2019-09-03,-0.0008494877553782299,-0.003182293168009451
2019-09-04,-0.005240911743858961,0.009669285524850666
2019-09-05,-0.007664882513170152,-0.00780328965704721
2019-09-06,0.010437403236859221,-0.025437514292466334
2019-09-09,-0.0008380297183696759,-0.0041907697004789825
2019-09-10,0.020355499270786885,0.042085398952715666
2019-09-11,0.015467839246108067,0.0036390244549493796
2019-09-16,0.021441628333482232,0.013875797920897331
2019-09-17,0.0064610633055199205,-0.01652961411859142
2019-09-18,0.008597082356835395,-0.003920296428754316
2019-09-19,-0.007329522288694218,0.018190121662903663
2019-09-20,0.0051626315909211575,0.0056152600880520764
2019-09-23,0.005518842769017207,0.012297163534954391
2019-09-24,-0.011373102783320321,-0.03406951982187541
2019-09-25,-0.034915349320748176,-0.02542133238067576
2019-09-26,-0.0018749443899312105,-0.026428922567439585
2019-09-27,-0.001890767769420654,-0.024820072121781247
2019-09-30,-0.017284496699326392,-0.022323873220825238
2019-10-01,0.018200980851489804,-0.009488814224228578
2019-10-02,0.01610660814463029,0.025688127903254015
2019-10-04,0.00870721835939418,-0.009093818544439388
2019-10-07,-0.011928806260498576,-0.03656879468075337
2019-10-08,-0.0050193446117265846,-0.0114313587142062
2019-10-10,0.002942988836878474,0.011590979550013654
2019-10-11,0.014081911889133485,-0.0012075832984878984
2019-10-14,0.03301689920853682,0.02615268005099186
2019-10-15,-0.008734974494814363,-0.006721053616310052
2019-10-16,0.010663880536074356,-0.019544370249267615
2019-10-17,-0.01130938846154438,-0.019082417434002602
2019-10-18,0.00035599068753279246,0.010022807181495856
2019-10-21,-0.011888690323938094,-0.024216598699162713
2019-10-22,0.007081506815509709,0.00122330157929348
2019-10-23,0.013511318443273057,-0.022579603988699494
2019-10-24,-0.002826387596820585,-0.028138974801279013
2019-10-25,-0.03161960715923037,-0.020073375772053592
2019-10-28,-0.01023075318176591,-0.0018055712788871581
2019-10-29,0.005901237138448379,0.0022845745672165334
2019-10-30,-0.0031630231013635036,-0.031033278375284377
2019-10-31,0.0015546452126028454,-0.0036333784627902003
2019-11-01,0.017294230420055075,0.0018477632573532243
2019-11-04,0.02316449036200876,-0.012889432735049725
2019-11-05,0.011371739031183003,0.01709612543411034
2019-11-06,0.008894958334173104,0.03513953135752076
2019-11-07,0.007752713231797093,-0.009714816977766532
2019-11-08,0.013499972365503656,0.020598121434701938
2019-11-11,0.03748206230648242,-0.00948627492334129
2019-11-12,-0.03621048683829267,0.0169793702560987
2019-11-13,-0.016339620269487036,0.01663040968514163
2019-11-14,0.02094173283272933,0.00019690842750142053
2019-11-15,0.0017939690470894166,-0.012389153485867232
2019-11-18,-0.006481404621055098,-0.003733448854608477
2019-11-19,-0.029841487310169848,-0.012597530069481866
2019-11-20,-0.02646421074187775,-0.030653180362772772
2019-11-21,-0.008348854415943054,-0.006413354961004994
2019-11-22,-0.007624930079051212,0.00836443022529025
2019-11-25,0.00036814488064385725,0.010512754028298736
2019-11-26,-0.01118953245668451,0.01108952463495862
2019-11-27,-0.008980090745908402,-0.017652122502568292
2019-11-28,-0.001938445742885658,-0.014040243534865113
2019-11-29,-0.003461590099350131,-0.0049970644034458625
2019-12-02,0.00013051136598534775,0.00032588801423319067
2019-12-03,0.0040419017981605685,0.008559227946814634
2019-12-04,-0.0034770859125143275,-0.018287287429704903
2019-12-05,-0.027427164768585133,-0.01061236200965313
2019-12-06,0.01992414407417869,0.0035619719518350038
2019-12-09,-0.03382108924935589,0.007045854658608149
2019-12-10,0.01162767471642102,-0.014505131509298712
2019-12-11,-0.010441843387270475,0.011385265628878313
2019-12-12,-0.0063383393055481616,0.005914057494105764
2019-12-13,0.00035192226035371543,-0.002395798275254865
2019-12-16,-0.008090024551828306,0.017890223754181138
2019-12-17,-0.011583627699960141,0.002011748922468269
2019-12-18,0.032030740781880514,0.020764761801296973
2019-12-19,-0.008709922058911523,0.015863889130220396
2019-12-20,-0.0056767836195155295,0.01467843365205989
2019-12-23,-0.004926887306400884,0.0020726066494269144
2019-12-24,-0.019198124334981307,0.024276749393742966
2019-12-26,-0.004657089376757984,0.03179313196396772
2019-12-27,0.0027917526762752144,-0.013542161708274644
2019-12-30,-0.006363503834460549,0.017191910289903897
2020-01-02,-0.004994848018039749,0.006061258957409176
2020-01-03,-0.011230574858625603,-0.029168004011716882
2020-01-06,-0.003959954430203291,-0.010655123431554043
2020-01-07,-0.00421678574694147,-0.019988594005665144
2020-01-08,0.01249312029880173,0.027959059332414563
2020-01-09,0.0334764875434107,0.023561255282672826
2020-01-10,-0.008849035359457991,-0.0029482298160884543
2020-01-13,0.02353502713789308,-0.004788902867226691
2020-01-14,-0.0005217490586494509,0.01616079946213018
2020-01-15,-0.012493431389300154,0.009750996399327421
2020-01-16,-0.008860607488603959,0.025226466963034648
2020-01-17,0.003155331202791413,-0.0007824922071338562
2020-01-20,-0.027402141896233117,0.00926700558683971
2020-01-21,-0.021131015910144393,0.023136881188809792
2020-01-22,0.008928989029452983,0.030704719737189107
2020-01-23,-0.010607186930849099,0.0029370951953108402
2020-01-28,-0.019543721676669425,-0.005666913210445226
2020-01-29,-0.01527683028237966,-0.02435302040140046
2020-01-30,-0.01150220005521791,-0.00964241717817469
2020-01-31,-0.0031341209102902015,0.012925577539810525
2020-02-03,0.04132495563460526,0.03545954361271459
2020-02-04,0.0014642887047124319,-0.0006202973328638083
2020-02-05,-0.005635537041268651,-0.010601314305970482
2020-02-06,-0.010937597040804842,0.009321083872602954
2020-02-07,0.013733117311110665,0.01607925789107609
2020-02-10,0.015249308152232605,0.016055510815002717
2020-02-11,-0.014145652130126873,-0.00337641537121186
2020-02-12,0.0022060171397207005,-0.0071096305178773795
2020-02-13,-0.010380319395603488,0.037058806456447116
2020-02-14,-0.015313093900586123,0.037820840385648966
2020-02-17,0.002043724073632525,0.015506970805452998
2020-02-18,-0.004244424287701359,-0.018993794761370315
2020-02-19,0.017748217905369755,-0.016880843010936942
2020-02-20,-0.0008811952215880027,0.005327720642983285
2020-02-21,0.002336418805707074,0.01715291772400234
2020-02-24,-0.017645060875598445,-0.02432207341650213
2020-02-25,0.022439098348852216,-0.016224834684837326
2020-02-26,0.001209302555787944,-0.044076944082008115
2020-02-27,-0.020535974308970466,-0.03082942599927361
2020-02-28,-0.011806316904622673,-0.009104102991390486
2020-03-02,0.028042128464951774,0.02016843816475386
2020-03-03,0.013557836130261703,-0.010519832225284386
2020-03-04,0.0026303302604720295,0.013724479270906132
2020-03-05,-0.006409826757219857,0.0072229570703417345
2020-03-06,-0.008262857577568752,-0.0076379463972171616
2020-03-09,-0.008636557529685222,-0.02940100004007496
2020-03-10,0.010961416305152322,0.028065731792493435
2020-03-11,-0.020251781733435302,-0.0381508507656577
2020-03-12,-0.008592035903989118,-0.012704977760984525
2020-03-13,-0.025354038089333154,-0.03249089771203095
2020-03-16,-0.014413612344152178,-0.037911966611081295
2020-03-17,0.016952569139310703,0.05455200784296203
2020-03-18,-0.03193833439143402,-0.02034497535379033
2020-03-19,-0.02902905486619667,-0.007474976764074076
2020-03-20,0.03519620885747708,0.07365076370324525
2020-03-23,-0.03311987125071396,0.023287456485200947
2020-03-24,0.03080267462201354,0.08900189155957437
2020-03-25,-0.008066967781443488,0.002258171779097949
2020-03-26,0.03605818368772076,-0.06708699842369148
2020-03-27,0.03992572783559822,-0.047969533335877446
2020-03-30,0.0304925534266254,-0.0031299909474326107
2020-03-31,-0.0028260669987139816,0.019541372252547973
2020-04-01,-0.014890396802173522,0.03167817687245611
2020-04-02,-0.005291251647070356,0.031265095373147034
2020-04-03,0.008694445611118989,0.049445597289604154
2020-04-06,0.03134537537601951,0.015013132923395123
2020-04-07,-0.017374814209225996,-0.008056756226989543
2020-04-08,-0.032591529554060264,0.030708657804734453
2020-04-09,-0.017928859237585863,0.017216493819977086
2020-04-10,-0.024712504898664875,-0.025837954837095077
2020-04-13,-0.03267538190933212,-0.046187410988378676
2020-04-14,-0.012605570003059122,0.005376289677180363
2020-04-16,-0.007157741873745938,0.02382383998132832
2020-04-17,0.0006960912284241852,0.013245926256932387
2020-04-20,-0.01882362696319194,-0.018389920978536072
2020-04-21,-0.003962104937736577,-0.002934541680093416
2020-04-22,0.020968045602246594,0.026410683400620708
2020-04-23,0.004968900820545748,0.0019646986375232434
2020-04-24,-0.020127731379178046,-0.010500478012691977
2020-04-27,0.002256621510693335,0.0007393240479045618
2020-04-28,0.02983766727425406,-0.01879953417630693
2020-04-29,0.002584162717657418,0.004081889932327425
2020-05-04,0.003255839653218978,0.029320985666871028
2020-05-06,-0.0008729154670818612,0.0005267786620355812
2020-05-07,0.01608215864710318,0.008291235185254969
2020-05-08,-0.0010857346874618649,-0.002147026077489395
2020-05-11,-0.014947348021492557,-0.005168986737175191
2020-05-12,-0.0056406860187509945,0.02024570159150002
2020-05-13,0.004594861574056173,0.030287064320149354
2020-05-14,0.0008359483433185554,0.006442706846540677
2020-05-15,0.026084501861993393,0.0305228591984884
2020-05-18,0.0006664866801859236,0.016664408882564784
2020-05-19,0.010766856551945567,0.0038037242232075276
2020-05-20,0.006318103860286773,0.017963679381193972
2020-05-21,0.0018914202215851335,-0.005088944194999233
2020-05-22,0.007566648705566892,-0.030729832101969817
2020-05-25,0.026321386789972954,0.006577435296884244
2020-05-26,0.013236432071119153,-0.0011292746484846718
2020-05-27,0.004202915113839595,-0.01815391107653297
2020-05-28,-0.015179442332404276,-0.016956683198317363
2020-05-29,4.484603990433968e-05,0.013119293657377355
2020-06-01,0.03275756332716735,0.011460981278099264
2020-06-02,0.008478525398594023,0.01602865950108224
2020-06-03,-0.008194057211698502,0.005096520994163002
2020-06-04,0.014744518210894397,0.014578577170717172
2020-06-05,-0.011878185287732141,-0.00389695526651849
2020-06-08,-0.028340759474247055,0.012802326205436051
2020-06-09,-0.022857622722427594,-0.006905042480887933
2020-06-10,-0.02793304773826294,-0.0019127640393603862
2020-06-11,-0.017621847734910226,0.013508871158660327
2020-06-12,0.01649741691766106,0.005261293670207355
2020-06-15,-0.01350082487565106,-0.04980231829431846
2020-06-16,0.010931002231610212,0.04275451081192488
2020-06-17,-0.004476119113482068,-0.007832710148963936
2020-06-18,-0.0046258474457692225,0.007731515210569244
2020-06-19,0.01802820807570616,0.009231555240540255
2020-06-22,-0.008390089263556255,0.01539256038199379
2020-06-23,-0.014418081734917387,0.007787227734488877
2020-06-24,0.0079331312026649,0.016977849253114408
2020-06-25,0.006743265417027366,-0.01127914035382034
2020-06-26,0.017309773272365235,0.008748698224788597
2020-06-29,0.00646037700918004,-0.00438905063824005
2020-06-30,0.02881759324577242,-0.02511438890091282
2020-07-01,0.013742818540503687,0.012360048455354423
2020-07-02,0.0036828985432754285,0.014676261442051943
2020-07-03,-0.016518599861991317,0.006630466203497503
2020-07-06,-0.020739531535111492,0.007355997530647142
2020-07-07,-0.013042528411121619,-0.0018310560370199264
2020-07-08,-0.02471666156746577,0.02475663342102822
2020-07-09,0.004389593758693766,0.008977573690551154
2020-07-10,0.007006305470356761,0.004341781671048757
2020-07-13,-0.008440868798229627,0.011215164834026807
2020-07-14,-0.00775509866147483,0.0032105071424985737
2020-07-15,-0.004886939951521674,0.024254091610316143
2020-07-16,-0.009829057184395352,-0.018211016032788362
2020-07-17,0.008211221455684092,0.008671299830876106
2020-07-20,-0.0004684595711303475,-0.007243610619707842
2020-07-21,0.009260104449258294,0.005677303627096771
2020-07-22,-0.0011453494580622005,-0.004306533235313717
2020-07-23,-0.011902129203153856,0.0018913721834605069
2020-07-24,-0.007269168027711003,-0.0012172353763978752
2020-07-27,0.004151616849143568,0.019493169831396727
2020-07-28,0.0060588667793536,0.008829961619444125
2020-07-29,0.025623539794236393,0.006010523927443586
2020-07-30,0.006807619160090251,0.0002400840093779045
2020-07-31,-0.0070106107437628296,-0.009144676141549504
2020-08-03,0.008093994095235774,0.0067319745561391225
2020-08-04,-0.007627532587843879,-0.0018938417886585734
2020-08-05,-0.016047584221341688,-0.0006125910080284607
2020-08-06,-0.017086124247793478,-0.008190254803016075
2020-08-07,-0.01468043873775668,0.005104334010591676
2020-08-10,-0.011098425502319896,-0.0034924867729178416
2020-08-11,0.0028815451571143798,-0.010894716413412903
2020-08-12,-0.020124165005921103,-0.010677812764845727
2020-08-13,0.005144893376157672,0.000715633961950398
2020-08-14,-0.020551556123419155,0.0029602180903384344
2020-08-18,-0.015537365473165941,-0.025391422938862467
2020-08-19,0.0187986646219307,0.010479605859573811
2020-08-20,-0.02153108357742758,-0.031537317047677205
2020-08-21,0.02297429652004986,-0.00835822347945486
2020-08-24,0.0033592634091328343,0.018131469501587946
2020-08-25,-0.030464192924263164,0.008585529666801421
2020-08-26,0.001378973781098114,0.004559077563983359
2020-08-27,0.007827479327591398,0.006467083413312582
2020-08-28,-0.010024156231129889,0.017343927489402715
2020-08-31,-0.009664409858358675,0.00888245130722893
2020-09-01,-0.007755385130257534,0.01034828923028717
2020-09-02,-0.014473479236346419,0.02066219283372242
2020-09-03,0.024919592919669813,0.00570460492864743
2020-09-04,-0.004176144123056303,-0.0022358994284101194
2020-09-07,-0.006937437048109464,-0.0033905166711556637
2020-09-08,-0.009834711581832538,0.01060931062036232
2020-09-09,0.03295366000547981,0.0001164575061061502
2020-09-10,-0.008553386724135331,0.0040706657588031655
2020-09-11,-0.0019719169141809434,0.006212516414298914
2020-09-14,-0.046012967872143436,-0.004611294751321302
2020-09-15,0.019378009437489463,0.0022588554608481653
2020-09-16,0.007464920061429042,-0.020565082270668052
2020-09-17,-0.0009442253387159823,-0.0053137112714150584
2020-09-18,0.0010063001197594956,0.0005925435092459632
2020-09-21,0.005378093855735018,-0.021239639403192227
2020-09-22,-0.0031398885568110005,-0.030911610299645252
2020-09-23,-0.0013630274391804363,0.0072965944445664834
2020-09-24,-0.00741413459335185,-0.035410525169129264
2020-09-25,0.010846243019308865,0.006553184604228402
2020-09-28,0.026161878527686477,0.0021284231729939863
2020-09-29,-0.0015175139263220103,-0.011969970001502987
2020-10-05,0.0010795732448791286,0.002530793609116974
2020-10-06,0.008093367659610473,0.005478744511299162
2020-10-07,-0.013624791659968345,0.005818092765755942
2020-10-08,0.013981947757188445,0.0014120026802961509
2020-10-12,0.025392736944103576,-0.0012284834977334667
2020-10-13,0.012695712213498868,-0.00763087171029383
2020-10-14,0.01183075720170576,-0.007970195133553843
2020-10-15,0.025958441576212896,-0.024054976554551216
2020-10-16,-0.01938445904731146,0.0004065976715999374
2020-10-19,-0.027571423913944758,-0.03101384459482362
2020-10-20,-0.004065354241361063,0.010724251692021866
2020-10-21,0.008530820993992133,0.011334337108101356
2020-10-22,0.003778456670707692,-0.022525571374741395
2020-10-23,-0.016080279952801986,0.004442582454562935
2020-10-26,-0.034923719624521565,-0.013393215730832249
2020-10-27,0.007263613287395793,0.00404678891443753
2020-10-28,0.025868266014120712,0.02318195083020314
2020-10-29,0.02087820071505421,-0.00671156559891924
2020-10-30,-0.002985228848557309,-0.0183733608331262
2020-11-02,-0.008145918551331122,0.01611837835908292
2020-11-03,-0.004405108053676641,0.009391171466070398
2020-11-04,0.013406316912219874,0.013633608279906506
2020-11-05,-0.0033919331698168418,0.012192441550247048
2020-11-06,0.0040945657717864625,-0.004854427887093712
2020-11-09,-0.003122112753062206,0.024246996169915894
2020-11-10,-0.019432547778936715,-0.0035696405630213585
2020-11-11,-0.010017930418332127,-0.001876759366890214
2020-11-12,0.0074469323671593046,0.0031002589995797218
2020-11-13,0.006997528514259699,0.005596356940796394
2020-11-16,-0.004813509760150665,0.01870407884980294
2020-11-17,-0.01914757819044824,-0.010742655832846226
2020-11-18,-0.014543931270129628,-0.0058668029848433405
2020-11-19,-0.013759143704104599,0.004171497976902005
2020-11-20,-0.00204859360352168,0.01008093382801983
2020-11-23,-0.03531794553466356,-0.0002956136765768064
2020-11-24,-0.013413927324010887,-0.0008714728846022072
2020-11-25,-0.005695897051502552,-0.008896921574267753
2020-11-26,0.001989626318661847,0.009291025717422848
2020-11-27,-0.0031742128816207027,0.016496820794355976
2020-11-30,-0.0035311158967314066,-0.005330263268776128
2020-12-01,-0.014726258319848754,-0.003204564622987766
2020-12-02,-0.0065157645507166575,0.022478925925483187
2020-12-03,-0.005236300907334434,0.02400895289012627
2020-12-04,-0.03239468867275623,0.016672973563784596
2020-12-07,0.0004019412098880135,-0.015159386566712792
2020-12-08,0.02623479804481313,0.0018405876048184196
2020-12-09,-0.0019309872451783103,-0.0008256308678162749
2020-12-10,0.001046435444599857,0.008826611573875053
2020-12-11,-0.011163196091954796,0.002884422923283227
2020-12-14,-0.002285890281048257,-0.004020022358831112
2020-12-15,-0.008067459810204607,0.013231704511126761
2020-12-16,-0.003333170950260599,0.010154836271740172
2020-12-17,-0.01977233129447152,-0.0006649753866052018
2020-12-18,-0.011035398203788542,-0.0037890645785444597
2020-12-21,-0.007062543445555245,-0.0004360194268729263
2020-12-22,0.008679205900342303,-0.009402227906229903
2020-12-23,0.02161582284749131,-0.006519481463554404
2020-12-24,0.011657435552349181,0.004111928268680687
2020-12-28,0.004951447462953196,0.0107206543553047
2020-12-29,-0.004533484250226663,0.03350955400291496
2020-12-30,0.0025292251180077004,0.012806809951613934
2021-01-04,0.03427253761124899,0.003857437305288047
2021-01-05,0.005317326592550719,0.031134237382843304
2021-01-06,-0.0076626869720487325,-0.010141585225389821
2021-01-07,-0.004762644951979617,0.00120998946623469
2021-01-08,0.009969174850440733,-0.011577606265789003
2021-01-11,-0.018605052126662133,-0.020254342286615587
2021-01-12,-0.0013641291691637858,-0.014280977265138106
2021-01-13,-0.04208549101871925,0.0147018188179469
2021-01-14,-0.02765028430393217,0.0022743087141869735
2021-01-15,-0.023672323692876945,-0.020260766685640468
2021-01-18,-0.038959621645871495,-0.04039777385816469
2021-01-19,0.015368261079142393,0.011632825022091231
2021-01-20,-0.0036077328606567358,0.004718908604249483
2021-01-21,0.009430138069043602,0.01352146316658049
2021-01-22,-0.005115461424791179,0.01142217153188483
2021-01-25,-0.00495991301301767,-0.01500681630835539
2021-01-26,-0.006290903089928724,-0.011388898302029793
2021-01-27,-0.013470093140266835,-0.009679112011225744
2021-01-28,-0.003101033632498411,-0.030708901264172715
2021-01-29,-0.021150367184834637,-0.020260552230904165
2021-02-01,0.029516420316840167,0.04175936791883401
2021-02-02,-0.0030138994799517992,-0.0005656010349498978
2021-02-03,0.00177842824052255,0.018298024296027053
2021-02-04,-0.026499968411395205,-0.005742873760805695
2021-02-05,-0.017299207590615664,0.0041069960177865916
2021-02-08,-0.015082641852483904,-0.020925432630101173
2021-02-09,-0.010010357022227818,-0.0057074476652866305
2021-02-10,0.004274870907677325,6.94120546907151e-05
2021-02-15,0.007248378421867458,-0.014346074081722305
2021-02-16,-0.020493219829208376,-0.01680265554404325
2021-02-17,-0.01638137412799126,0.012346805891513568
2021-02-18,-0.014611294796972284,-0.02222696738685148
2021-02-19,0.0012392027973215647,-0.002276112489176385
2021-02-22,-0.0030223262760208478,-0.013995113594080084
2021-02-23,-0.012664654604459357,-0.01315065929228167
2021-02-24,-0.01903998740287198,-0.01619087192968461
2021-02-25,-0.0035272889553853784,0.015815636676852082
2021-02-26,0.0011715195853696453,-0.013516389357827391
2021-03-02,0.014458919314399804,0.010228029519182929
2021-03-03,0.005001324090017783,0.006338108881465298
2021-03-04,0.004645085192819748,-0.012617492999252989
2021-03-05,0.006398837389370976,-0.014881532908155632
2021-03-08,-0.03146403300928466,-0.021636391592165762
2021-03-09,-0.03429654237892796,-0.01716360306247199
2021-03-10,-0.014529753689781644,0.008484096349859383
2021-03-11,-0.016110258484740608,0.015206898998695633
2021-03-12,0.02933840237139821,0.04371891134295055
2021-03-15,-0.007728077162660346,-0.008048637189998131
2021-03-16,0.006180444649935962,0.010720152188105375
2021-03-17,-2.0158245048218634e-05,0.0028071477471408313
2021-03-18,0.004474119197886444,0.00410896930072589
2021-03-19,0.006828872758359055,0.0020043789873154636
2021-03-22,0.0026672365963451685,-0.0017471778018304073
2021-03-23,-0.0008050024779073794,0.004043168537589469
2021-03-24,-0.010308899919269593,0.014685626457406592
2021-03-25,-0.010145740676397619,-0.006861244462747073
2021-03-26,-0.003350946944145089,0.008804960906958044
2021-03-29,-0.027563433447460706,-0.0035149915788229066
2021-03-30,0.02075313002772457,0.004382698793637951
2021-03-31,-0.012314281941572702,-0.0031129975015206646
2021-04-01,-0.007961937434891413,0.020786544460174413
2021-04-02,-0.005079054625064811,-0.003938782211638537
2021-04-05,0.0014818400943289126,-0.019580078412791614
2021-04-06,-0.003990917831926261,0.019641824630288712
2021-04-07,0.007945368534232822,0.015957259283754778
2021-04-08,0.0188443953591624,0.052994751851447655
2021-04-09,0.0009811637175948847,0.0012637788972191255
2021-04-12,0.013559116628628904,0.03284586303506829
2021-04-13,0.01986845336989058,0.015753575317971648
2021-04-14,0.0034366170329461544,0.002338111777701324
2021-04-15,0.003934255330030117,0.011350309902813282
2021-04-16,0.002516014359971369,0.025702937295476642
2021-04-19,0.008752033591898311,0.011308524029664348
2021-04-20,-0.006959687628313372,0.0027181641626610187
2021-04-21,0.019320413900485684,-0.0033301639384237646
2021-04-22,0.0012495613918731053,-0.019154257150565533
2021-04-23,-0.0006849740136180395,0.017831371472859646
2021-04-26,0.01003612506798639,0.047623418961080605
2021-04-27,-0.006286522791870352,-0.026175000162401645
2021-04-28,0.003191770680186806,0.0017251860583019306
2021-04-29,-0.02123381437275261,0.028539218712879653
2021-04-30,-0.005369305665462974,-0.01339752805800305
2021-05-03,-0.03559361305948196,-0.05602054800610486
2021-05-04,-0.006198708999168651,0.007691025864063667
2021-05-06,0.012934836151911972,-0.004104269214331491
2021-05-07,0.005013314472284824,0.0026522051826458394
2021-05-10,0.02124984699258917,0.00042961779797231483
2021-05-11,-0.013682693976207777,-0.009708901688494519
2021-05-12,-0.0006596149619283384,-0.02382551897817452
2021-05-13,-0.0034243981223880827,-0.014015817052894968
2021-05-14,0.007205801049016175,0.02059389452170893
2021-05-17,0.01605004736988208,-0.030994999034311105
2021-05-18,0.005951427259901859,-0.018239474338961288
2021-05-20,-0.0036584438397445516,-0.0129334566346105
2021-05-21,0.005878129605839033,-0.013991770130668352
2021-05-24,-0.010774598076834913,-0.027280160080839427
2021-05-25,0.0024777234298640413,0.02138479774287952
2021-05-26,-0.0025268011232873425,0.045652952926968866
2021-05-27,-0.023733531357616293,0.00481200551960122
2021-05-28,0.0022587720801526823,0.025317717983096955
2021-05-31,-0.008972347729417612,-0.033043836266975865
2021-06-01,-0.005467862843926575,0.012637940615020167
2021-06-02,-0.003452406442214456,0.026239544866030612
2021-06-03,0.0014032166863619851,0.03724807275634388
2021-06-04,-0.002551025955895664,-0.052933031167525825
2021-06-07,-0.0014471372060980256,0.00928096235840932
2021-06-08,0.0028438240139041283,-0.015732938107215103
2021-06-09,-0.033982403150867216,-0.01961536149074316
2021-06-10,0.016655033314858764,0.008453852331403165
2021-06-11,-0.002182947753036446,-0.013592933969732643
2021-06-14,0.00858361633314399,0.0010581736680051902
2021-06-15,-0.005998324161649032,0.01662719225980667
2021-06-16,-0.02383081755088218,-0.016065390664980285
2021-06-17,0.01620747581982563,-0.011937940061390713
2021-06-18,0.01869956283298585,0.01308330126335153
2021-06-21,0.011342274218534348,0.025157286924102476
2021-06-22,1.9300473977801325e-05,-0.008512504816204854
2021-06-23,0.03300890970373871,0.04225929916374174
2021-06-24,-0.0015102865989732928,0.0020704145009040782
2021-06-25,-0.0009968009229441854,0.0030745630545954373
2021-06-28,-0.006894557735792189,-0.001286077803288186
2021-06-29,-0.004722819546760659,-0.0026606414207758005
2021-06-30,0.009738424232711302,0.011051259918015047
2021-07-01,-0.002063799293558338,-0.002439694770484074
2021-07-02,0.004366249866941984,0.0053100418601611556
2021-07-05,0.02341835471711673,0.015240024906604786
2021-07-06,-0.017695886410157288,-0.0033560159948244597
2021-07-07,-0.0008187344221270328,0.031012922714992598
2021-07-08,-0.009821504884469158,-0.018953053136570364
2021-07-09,0.009207522242472566,0.015145312774543116
2021-07-12,-0.0026306925292366445,-0.001099350388589119
2021-07-13,-0.007280546000621068,-0.011163225153661006
2021-07-14,0.014914788109315354,0.010347670348734584
2021-07-15,0.010717473587066017,-0.010379643846251077
2021-07-16,0.008685964608682744,-0.03466232105664597
2021-07-19,0.008598881427795168,-0.006297370552191121
2021-07-20,0.00988863755671579,0.00599607470460362
2021-07-21,0.004555057385703371,-0.0030950819590743863
2021-07-22,-0.012292495070858533,-0.004609875737416773
2021-07-23,0.001199345748186198,-0.0006766837351594667
2021-07-26,0.0001598672470615077,-0.017396487435644592
2021-07-27,-0.011382455361041665,0.0048039354058481845
2021-07-28,0.0038816332776369974,-0.007104651283663318
2021-07-29,-0.005345575127754199,0.033432386192087035
2021-07-30,-0.009392958941053452,-0.005051743566408308
2021-08-02,-0.010302136088458909,0.008576092082964875
2021-08-03,-0.008364058178943734,-0.006496016447779374
2021-08-04,0.0030960706410040895,0.007839623399370181
2021-08-05,0.0049815987381732875,0.008434159974828246
2021-08-06,0.014413987263489058,-0.0026521280384754374
2021-08-09,-0.005472110802031065,-0.01340406919640338
2021-08-10,0.01157728621186807,0.0023276052250198196
2021-08-11,0.018208079156017448,0.013964948027525494
2021-08-12,0.011489568863163817,-0.0076964707346395215
2021-08-13,-0.014045342709303216,0.02042347631675618
2021-08-17,-0.0017009502271254952,-0.020641425064333276
2021-08-18,-0.02313008570278739,-0.012500514159186009
2021-08-19,-0.0014395432585824,-0.016196401426056006
2021-08-20,-0.004685014630318139,0.05461789684633344
2021-08-23,0.011679172412762878,0.038308051446033636
2021-08-24,0.011117960146980733,0.049357631011155194
2021-08-25,0.005579548548222084,0.02281585223569456
2021-08-26,0.005663863921734918,0.008474831515334453
2021-08-27,0.003424159456068332,0.01749277797480508
2021-08-30,-0.005668028666726692,-0.005409033675536788
2021-08-31,0.017575133635689306,0.010950296601529286
2021-09-01,0.0009314767312671671,-0.0010233010075151507
2021-09-02,-0.02007845133113461,0.012778525785372245
2021-09-03,0.0022816901968998222,0.005200826806321776
2021-09-06,-0.008640040942835159,0.0052866578829385
2021-09-07,0.005936446417928043,-0.0018649793057431254
2021-09-08,-0.009657780312916232,-0.01579146167373713
2021-09-09,-0.00931573433733442,0.009406096112031598
2021-09-10,-0.02129360427060035,0.0005050542179801332
2021-09-13,0.007907847849055362,0.007416826005927987
2021-09-14,-0.013627532605358185,0.006992205766473578
2021-09-15,-0.009525307176219739,0.0076120887501091306
2021-09-16,-0.014666779987836831,0.005801036162931076
2021-09-17,-0.031704347225355506,-0.0008170039949557603
2021-09-23,-0.03172190010319757,0.02076471968998926
2021-09-24,-0.023286227284841948,0.006593236524499058
2021-09-27,0.011280911542503092,-0.008900319117723165
2021-09-28,0.008632015230628759,0.07959822658730058
2021-09-29,0.01261587796391881,0.03339840028085776
2021-09-30,0.013762381554946947,-0.001461242236938819
2021-10-01,0.005217288892193427,0.019359095327635332
2021-10-05,-0.011030350766501378,0.0067182963735999135
2021-10-06,-0.0021731742873069768,-0.026279644775275467
2021-10-07,0.014992791998272022,0.09012507702896164
2021-10-08,-0.0018292905256264147,-0.020943959582351134
2021-10-12,-0.005692355521819853,-0.02431241509067813
2021-10-13,0.002529812084073718,0.006912695641991285
2021-10-14,-0.0020205027345445888,0.02625372998405243
2021-10-15,-0.013090305002473024,-0.0024831180765151647
2021-10-18,0.0035512755620753732,-0.006302839931384456
2021-10-19,0.00960347929792969,0.0244135930321882
2021-10-20,-0.01594504328804407,0.008750275360889851
2021-10-21,-0.007156758884475006,-0.009054560549860554
2021-10-22,-7.331443323929827e-07,0.019061382239117696
2021-10-25,-0.0014531329032708984,-0.012444639326990546
2021-10-26,-0.0013691580272831572,0.027521371996948357
2021-10-27,-0.002723541572199362,-0.010292787633104521
2021-10-28,-0.00947383315001275,-0.007926826621801117
2021-10-29,-0.001272038291422457,-0.018925765535040308
2021-11-01,0.013101949978162303,0.027731111536047057
2021-11-02,0.0011857597281177863,0.026889018636315185
2021-11-03,-0.0030756249562571437,-0.0018968355878921043
2021-11-04,-0.013753724114885983,-0.01843515597463985
2021-11-05,0.003853054289531921,0.001458678263601747
2021-11-08,-0.02688484516780037,-0.012014281626484227
2021-11-09,-0.006782412508324759,-0.004437567764624513
2021-11-10,0.00506102343605137,-0.011476952168559427
2021-11-11,-0.011245484504402914,-0.01553711257098156
2021-11-12,0.012987928131972405,0.012826353934154704
2021-11-15,0.014248535691690907,0.02067595459213989
2021-11-16,-0.0010382958211203888,0.004802093849397412
2021-11-17,-0.007228363575703666,-0.02626286253649117
2021-11-18,0.003711565931790473,-0.017720044240603174
2021-11-19,0.008525359330459609,0.004716843682575807
2021-11-22,0.0070473053230709565,0.008855431984233813
2021-11-23,-0.014856874324936403,-0.011147254226928973
2021-11-24,-0.009960627438796645,0.014109697078365669
2021-11-25,-0.005890095507672166,0.0002085296616535469
2021-11-26,0.01816456788809136,0.02851196717154775
2021-11-29,0.017870189651560325,0.0030009473422441283
2021-11-30,0.0027270289108523166,-0.013007299018599103
2021-12-01,0.009369948241201825,-0.0007658436825250042
2021-12-02,-0.0005011798306234615,0.021681507708359932
2021-12-03,0.008020283935977722,0.010449419185410164
2021-12-06,0.010012485242514295,-0.0023603401306032923
2021-12-07,-0.014451443326522163,-0.016566532406738624
2021-12-08,0.017025189887205062,0.023989078141142515
2021-12-09,-0.001306391963129705,0.05392493070401688
2021-12-10,-0.003915684755832306,0.009231610455298118
2021-12-13,-0.016447408086702753,-0.025227747068452187
2021-12-14,6.914300504938346e-05,0.033957582163543526
2021-12-15,0.01620447032792366,0.022450510518865794
2021-12-16,0.0010603187975851912,0.022564616934248154
2021-12-17,0.008765811311470046,0.03423854932775334
2021-12-20,0.0060847149171581565,0.00023054019723573686
2021-12-21,-0.0075149180633125486,-0.001307839860744081
2021-12-22,-0.016668663732121725,0.001691342998316906
2021-12-23,-0.03765739465039202,-0.008389923729179115
2021-12-24,-0.005798556988816279,-0.0036345372506294688
2021-12-27,0.0029477167615358842,0.0017028789181186268
2021-12-28,-0.019604492283427605,-0.014707436095503528
2021-12-29,-0.011721434261536785,0.007429502776764543
2021-12-30,-0.0004221027507716746,0.017688702751781582
